order_id,country, order_value_EUR , cost ,Date,category,customer_name,sales_manager,sales_rep,device_type
70-0511466,Sweden,17524.02,14122.61,12-02-2020,Books,Goldner-Dibbert,Maxie Marrow,Madelon Bront,Mobile
28-6585323,Finland,116563.4,92807.78,26-09-2019,Games,Hilll-Vandervort,Hube Corey,Wat Bowkley,Mobile
58-7703341,Portugal,296465.56,257480.34,11-07-2019,Clothing,Larkin-Collier,Celine Tumasian,Smitty Culverhouse,PC
14-6700183,Portugal,74532.02,59752.32,02-04-2020,Beauty,Hessel-Stiedemann,Celine Tumasian,Aurelie Wren,PC
15-8765160,Spain,178763.42,146621.76,22-12-2019,Games,Johns and Sons,Emalia Dinse,Bertha Walbrook,Tablet
60-6998932,Spain,84900.24,73701.9,14-07-2020,Clothing,"Farrell, Swaniawski and Crist",Emalia Dinse,Perri Aldersley,PC
69-6259390,Portugal,71620.08,62245.01,05-02-2019,Books,Schoen-Keeling,Celine Tumasian,Smitty Culverhouse,PC
64-5761908,UK,156585.22,126599.15,30-08-2020,Accessories,"Hermiston, Simonis and Wisoky",Jessamine Apark,Winny Agnolo,PC
91-4126746,Portugal,78461.13,63537.82,10-05-2020,Appliances,Hessel-Stiedemann,Celine Tumasian,Smitty Culverhouse,Mobile
62-3312495,France,64827.8,56043.63,20-01-2019,Appliances,Gislason-Stanton,Othello Bowes,Maighdiln Upcraft,PC
85-6625096,Sweden,142664.34,120808.16,04-05-2019,Appliances,"Swaniawski, Runolfsson and Green",Maxie Marrow,Madelon Bront,PC
25-6368157,UK,66673.19,52811.83,23-02-2019,Smartphones,Gislason-Stanton,Jessamine Apark,Winny Agnolo,PC
15-3943365,Portugal,136915.61,114790.05,04-01-2020,Outdoors,Hessel-Stiedemann,Celine Tumasian,Aurelie Wren,Tablet
32-3534634,UK,164971.7,132686.74,20-07-2019,Accessories,Wisoky Inc,Jessamine Apark,Winny Agnolo,PC
02-3972649,UK,149486.27,118662.2,06-08-2019,Beauty,Johns and Sons,Jessamine Apark,Genevra Charrisson,PC
08-7576451,Sweden,54078.92,46102.28,08-11-2020,Books,Tillman and Sons,Maxie Marrow,Anita Woakes,PC
68-3583935,France,107499.78,91364.06,26-02-2019,Smartphones,"Rowe, Hermiston and Kessler",Othello Bowes,Amelina Piscopiello,PC
53-7769693,UK,29493.79,24285.19,22-11-2019,Games,Tillman and Sons,Jessamine Apark,Jay Morefield,PC
85-4732103,Portugal,147656.52,124193.9,05-06-2019,Smartphones,Goldner-Dibbert,Celine Tumasian,Corene Shirer,PC
27-9800293,Portugal,156839.31,134709.28,11-05-2020,Smartphones,Stamm Inc,Celine Tumasian,Corene Shirer,PC
67-3929836,Spain,81412.1,64747.04,06-11-2019,Electronics,Johns and Sons,Emalia Dinse,Bertha Walbrook,PC
13-0526029,Sweden,56717.53,45101.78,10-03-2019,Clothing,Johns and Sons,Maxie Marrow,Alyosha Meah,PC
38-5910704,Netherlands,17028.19,14102.75,07-02-2020,Clothing,Johns and Sons,Denice Amberg,Nero Harbisher,PC
41-6407014,Finland,236462.3,205674.91,23-12-2020,Clothing,Hessel-Stiedemann,Hube Corey,Wat Bowkley,PC
22-6745595,Portugal,172989.17,142975.55,10-06-2020,Beauty,Romaguera-Dietrich,Celine Tumasian,Hortense Gerring,PC
96-3022721,Sweden,48179.57,41405.52,14-08-2020,Books,Franecki-White,Maxie Marrow,Anita Woakes,PC
48-0713329,Portugal,121318.55,102890.26,10-03-2020,Electronics,"Jacobson, Marvin and Brown",Celine Tumasian,Aurelie Wren,Tablet
50-0942872,Belgium,93153.98,79702.55,03-04-2020,Appliances,Armstrong-Little,Lambert Norheny,Collin Mackness,Mobile
78-2307905,Bulgaria,98289.32,84116,15-02-2019,Appliances,"Murray, Reichel and Nolan",Charil Alpe,Shermy McGready,PC
63-0019978,Luxembourg,108920.56,94270.74,08-07-2019,Books,"Swaniawski, Runolfsson and Green",Ilsa Kob,Jocelyn Laurentino,PC
26-9948924,Portugal,37273.84,31559.76,20-01-2020,Games,Considine-Fisher,Celine Tumasian,Aurelie Wren,Tablet
72-7630507,Spain,221745.05,190767.27,25-06-2019,Appliances,Kirlin and Sons,Emalia Dinse,Bertha Walbrook,Mobile
36-3410564,Netherlands,54566.99,43757.27,23-03-2020,Smartphones,Friesen-Rath,Denice Amberg,Nero Harbisher,PC
82-4653018,Portugal,111639.29,97204.33,28-10-2019,Smartphones,"Keeling, Monahan and Pollich",Celine Tumasian,Hortense Gerring,PC
29-1001593,Sweden,74273.54,61981.27,28-03-2020,Beauty,"Swaniawski, Runolfsson and Green",Maxie Marrow,Caro Morfield,PC
59-5568557,Portugal,95566.43,80342.7,07-05-2019,Clothing,Hessel-Stiedemann,Celine Tumasian,Hortense Gerring,PC
12-1249283,France,28783.05,24776.45,29-03-2019,Clothing,Dibbert Inc,Othello Bowes,Maighdiln Upcraft,PC
96-0180648,UK,124414.74,98959.48,13-06-2019,Outdoors,Labadie and Sons,Jessamine Apark,Winny Agnolo,PC
51-9029547,Portugal,153029.72,125117.1,28-01-2020,Games,Friesen-Rath,Celine Tumasian,Corene Shirer,PC
84-2614836,Sweden,174919.64,146845.04,03-11-2020,Clothing,Wiza and Sons,Maxie Marrow,Caro Morfield,Mobile
57-6995715,France,55804.05,46401.07,05-03-2019,Electronics,"Rowe, Hermiston and Kessler",Othello Bowes,Crysta Halls,PC
27-4115444,France,89160.66,75367.51,18-11-2019,Beauty,Wiza and Sons,Othello Bowes,Crysta Halls,PC
34-3302340,UK,27987.13,24001.76,26-03-2019,Games,Labadie and Sons,Jessamine Apark,Genevra Charrisson,PC
25-6638623,France,18326.41,15067.97,03-02-2019,Games,"Schmitt, Purdy and Johnson",Othello Bowes,Ora Grennan,PC
11-5260310,Netherlands,62708.6,51414.78,29-08-2019,Smartphones,"Hamill, Kulas and Roob",Denice Amberg,Nero Harbisher,PC
68-5024232,UK,124668.36,103998.35,05-11-2020,Games,Hessel-Stiedemann,Jessamine Apark,Winny Agnolo,PC
90-2530115,Italy,109390.57,87414,12-11-2020,Other,Schoen-Keeling,Piggy Roscrigg,Joshua Prevost,Mobile
23-8271333,Portugal,103279.79,82334.65,12-03-2020,Appliances,Johns and Sons,Celine Tumasian,Aurelie Wren,PC
99-7422044,France,173478.65,139650.31,29-01-2019,Books,Johns and Sons,Othello Bowes,Avrit Chanders,PC
67-6692861,Sweden,57927.54,48914.01,18-01-2019,Games,"Fisher, Morar and Skiles",Maxie Marrow,Alyosha Meah,Mobile
20-3441688,Portugal,84767.77,68950.1,18-01-2020,Electronics,McGlynn-Bergstrom,Celine Tumasian,Smitty Culverhouse,Mobile
80-8230605,France,138175.53,116744.51,03-11-2020,Other,"Spencer, Rogahn and Muller",Othello Bowes,Ora Grennan,PC
18-0704377,Portugal,143107.89,121241,02-11-2020,Electronics,Kirlin and Sons,Celine Tumasian,Hortense Gerring,Mobile
47-5524071,Sweden,54446.5,44989.14,09-03-2020,Appliances,Wunsch LLC,Maxie Marrow,Alyosha Meah,Tablet
76-2572347,Portugal,136324.9,110436.8,29-10-2019,Electronics,Walter LLC,Celine Tumasian,Hortense Gerring,Tablet
74-4429133,Portugal,43066.58,36154.39,08-02-2019,Games,"Hamill, Kulas and Roob",Celine Tumasian,Hortense Gerring,Mobile
69-1300467,France,224626.25,189988.88,21-07-2020,Electronics,"Christiansen, Donnelly and Bechtelar",Othello Bowes,Ora Grennan,PC
99-8643527,France,115689.22,98127.6,15-07-2019,Clothing,Altenwerth-Konopelski,Othello Bowes,Avrit Chanders,PC
14-1143584,Bulgaria,78293.94,66236.67,13-10-2019,Appliances,"Rowe, Hermiston and Kessler",Charil Alpe,Bernadine Fullagar,Mobile
62-4331197,Portugal,92698.45,73454.25,13-01-2020,Clothing,Hessel-Stiedemann,Celine Tumasian,Corene Shirer,PC
02-3333733,Bulgaria,83141.47,72000.51,15-03-2019,Outdoors,Wisoky Inc,Charil Alpe,Shermy McGready,Mobile
09-3959499,Portugal,38982.26,32854.25,12-10-2019,Clothing,Hegmann Group,Celine Tumasian,Smitty Culverhouse,Mobile
55-7848276,Portugal,57120.58,49654.92,25-11-2019,Games,"Leffler, Prohaska and Streich",Celine Tumasian,Aurelie Wren,PC
98-1814878,Sweden,240759.07,205415.64,14-06-2020,Appliances,"Schmitt, Purdy and Johnson",Maxie Marrow,Tarrah Castelletti,PC
83-9569509,Sweden,53849.12,47354.92,15-04-2020,Games,"Rowe, Hermiston and Kessler",Maxie Marrow,Alyosha Meah,PC
44-1953194,Ireland,361182.87,288368.4,02-12-2019,Books,Smith Group,Glenine Suttaby,Bunnie Tonbridge,PC
50-0376562,Sweden,97063.22,78067.95,19-10-2019,Appliances,"Zieme, Bailey and Herzog",Maxie Marrow,Madelon Bront,Tablet
06-9596696,Spain,39110.97,34315.97,27-10-2019,Clothing,"Bashirian, Okuneva and Bechtelar",Emalia Dinse,Perri Aldersley,PC
46-2632808,France,123672.7,106036.97,13-11-2020,Smartphones,McGlynn-Prosacco,Othello Bowes,Crysta Halls,PC
77-7771177,France,144640.8,118345.1,11-04-2019,Electronics,"Murray, Reichel and Nolan",Othello Bowes,Avrit Chanders,PC
13-0624842,France,268779.03,233676.49,27-12-2019,Smartphones,O'Connell-Mitchell,Othello Bowes,Ora Grennan,Mobile
71-4409662,Sweden,53593.86,45629.81,12-07-2020,Electronics,Friesen-Rath,Maxie Marrow,Caro Morfield,PC
46-0270404,France,155044.02,134268.12,25-10-2019,Beauty,West-Cummings,Othello Bowes,Amelina Piscopiello,PC
70-7107956,Portugal,102495.13,85009.46,08-08-2020,Smartphones,"Hermiston, Simonis and Wisoky",Celine Tumasian,Hortense Gerring,Tablet
84-5310661,Portugal,294472.77,255572.92,11-06-2019,Smartphones,Gislason-Stanton,Celine Tumasian,Smitty Culverhouse,Tablet
75-6638402,Sweden,64053.77,54733.95,01-09-2020,Beauty,Armstrong-Little,Maxie Marrow,Anita Woakes,PC
53-0615558,UK,24543.72,19492.62,22-03-2019,Clothing,Hessel-Stiedemann,Jessamine Apark,Jay Morefield,PC
00-2549549,Portugal,161544.06,132579.21,12-09-2019,Clothing,Johns and Sons,Celine Tumasian,Smitty Culverhouse,PC
23-1397222,Portugal,50303.66,41103.12,06-01-2020,Appliances,"Christiansen, Donnelly and Bechtelar",Celine Tumasian,Smitty Culverhouse,PC
00-4698524,Sweden,124593.04,109106.13,11-01-2020,Appliances,Johns and Sons,Maxie Marrow,Madelon Bront,Mobile
76-3837496,Sweden,44147.92,37163.72,18-05-2020,Beauty,"Murray, Reichel and Nolan",Maxie Marrow,Madelon Bront,PC
61-7979087,Bulgaria,42239.66,37039.96,17-05-2019,Smartphones,Johns and Sons,Charil Alpe,Shermy McGready,PC
52-8377955,Sweden,113763.38,91158.6,01-04-2020,Books,"Christiansen, Donnelly and Bechtelar",Maxie Marrow,Madelon Bront,PC
87-6162387,Portugal,183363.6,155033.92,24-06-2019,Smartphones,Johns and Sons,Celine Tumasian,Hortense Gerring,PC
11-8965256,France,85220.83,73767.15,15-09-2019,Beauty,"Shanahan, Schaden and Parker",Othello Bowes,Crysta Halls,Tablet
16-9079414,Portugal,87513.27,72469.74,05-03-2020,Books,"Lubowitz, McLaughlin and Erdman",Celine Tumasian,Corene Shirer,Mobile
15-9091881,Bulgaria,37073.91,30274.55,26-04-2019,Books,Rath-Schroeder,Charil Alpe,Bernadine Fullagar,Tablet
07-3222085,France,122139.94,103684.6,02-11-2019,Smartphones,Smith Group,Othello Bowes,Ora Grennan,PC
20-3384992,France,107586.21,94525.24,07-06-2020,Electronics,"Spencer, Rogahn and Muller",Othello Bowes,Amelina Piscopiello,PC
09-3404706,UK,203958.16,176444.2,02-12-2020,Appliances,Larkin-Collier,Jessamine Apark,Genevra Charrisson,PC
97-8712680,Portugal,55132.39,47121.65,11-06-2019,Clothing,"Dickinson, Hyatt and Berge",Celine Tumasian,Hortense Gerring,PC
43-4245267,Ireland,135424.06,116275.1,15-01-2020,Electronics,"Hamill, Kulas and Roob",Glenine Suttaby,Palm Wetherald,PC
58-8969119,Sweden,167123.72,132946.92,01-08-2019,Smartphones,Hegmann Group,Maxie Marrow,Alyosha Meah,PC
88-8436664,Germany,92868.37,79068.13,30-03-2020,Electronics,"Fisher, Morar and Skiles",Rickard Doogood,Casie MacBain,PC
35-6825112,Portugal,108689.45,91223.06,09-11-2019,Appliances,Walter LLC,Celine Tumasian,Brynn Dempster,Mobile
24-4511396,Portugal,79874.42,68132.88,14-11-2020,Outdoors,"Farrell, Swaniawski and Crist",Celine Tumasian,Smitty Culverhouse,PC
99-0564964,Germany,153011.39,131543.89,13-09-2019,Appliances,Johns and Sons,Rickard Doogood,Casie MacBain,PC
47-9920494,Portugal,72857.41,60442.51,10-05-2020,Clothing,Armstrong-Little,Celine Tumasian,Brynn Dempster,PC
82-9352154,France,102771.44,83584.01,24-11-2019,Accessories,McClure Inc,Othello Bowes,Maighdiln Upcraft,PC
74-6920956,UK,90559.16,75318.05,26-08-2019,Outdoors,"Dickinson, Hyatt and Berge",Jessamine Apark,Genevra Charrisson,PC
16-8778373,Portugal,141796.75,112317.21,16-09-2020,Games,Johns and Sons,Celine Tumasian,Corene Shirer,PC
85-4014655,Bulgaria,103874.1,82112.48,14-01-2019,Outdoors,Johns and Sons,Charil Alpe,Shermy McGready,PC
25-2355172,Spain,134908.19,114388.65,18-08-2020,Clothing,Romaguera-Dietrich,Emalia Dinse,Perri Aldersley,PC
31-7667796,Portugal,45256.74,38975.1,14-01-2019,Other,"Spencer, Rogahn and Muller",Celine Tumasian,Smitty Culverhouse,PC
39-2536155,Portugal,131018.65,107920.06,02-04-2020,Clothing,Hane Inc,Celine Tumasian,Brynn Dempster,PC
30-8840089,Ireland,84877.87,68454,01-12-2019,Electronics,"Zieme, Bailey and Herzog",Glenine Suttaby,Bunnie Tonbridge,PC
93-8309926,France,168197.78,144246.42,13-01-2019,Smartphones,Kihn Inc,Othello Bowes,Crysta Halls,PC
42-7823733,UK,383996.76,304701.43,19-12-2019,Other,Johns and Sons,Jessamine Apark,Winny Agnolo,PC
03-9337803,France,56811.14,48221.3,07-10-2019,Clothing,"Schowalter, Lesch and Beahan",Othello Bowes,Ora Grennan,PC
42-1879788,Portugal,74364.46,60145.98,21-01-2020,Clothing,Altenwerth-Konopelski,Celine Tumasian,Aurelie Wren,Mobile
42-8394841,Finland,235608.66,201468.96,27-07-2020,Games,Hegmann Group,Hube Corey,Wat Bowkley,Tablet
84-5642889,Sweden,31627.37,25662.45,27-08-2020,Beauty,"Christiansen, Donnelly and Bechtelar",Maxie Marrow,Caro Morfield,Mobile
92-7234550,Sweden,57227.99,46331.78,28-03-2019,Appliances,Johns and Sons,Maxie Marrow,Alyosha Meah,PC
98-5721101,Portugal,84598.68,72391.09,28-04-2020,Clothing,"Hamill, Kulas and Roob",Celine Tumasian,Brynn Dempster,PC
32-9344186,Sweden,98322.98,84872.4,09-10-2020,Clothing,Hessel-Stiedemann,Maxie Marrow,Tarrah Castelletti,PC
40-7356336,Netherlands,62567.58,49916.42,21-04-2019,Clothing,Hessel-Stiedemann,Denice Amberg,Nero Harbisher,PC
94-1762263,Sweden,239423.57,199152.52,08-12-2019,Electronics,"Hamill, Kulas and Roob",Maxie Marrow,Madelon Bront,Mobile
26-5649751,France,68773.03,59082.91,30-09-2019,Games,Hessel-Stiedemann,Othello Bowes,Amelina Piscopiello,PC
88-5343320,Germany,102918.09,87480.38,28-10-2019,Smartphones,"Swaniawski, Runolfsson and Green",Rickard Doogood,Casie MacBain,PC
09-6527060,UK,150313.19,118927.8,23-01-2020,Beauty,Johns and Sons,Jessamine Apark,Jay Morefield,PC
85-3431441,Sweden,144072.9,123729.81,13-07-2019,Beauty,"Fisher, Morar and Skiles",Maxie Marrow,Anita Woakes,PC
78-3301264,Sweden,69681.43,55529.13,25-01-2020,Clothing,Romaguera-Dietrich,Maxie Marrow,Alyosha Meah,PC
02-9523107,Sweden,78542.59,68010.03,26-05-2019,Games,Kihn Inc,Maxie Marrow,Caro Morfield,PC
19-9205287,Portugal,37582.13,31967.36,07-05-2020,Appliances,Hilll-Vandervort,Celine Tumasian,Smitty Culverhouse,Mobile
94-1199389,Sweden,88329.48,73755.12,16-08-2020,Clothing,Corwin and Sons,Maxie Marrow,Caro Morfield,Mobile
88-4621939,Portugal,249099.44,215695.2,15-06-2020,Other,Johns and Sons,Celine Tumasian,Corene Shirer,PC
68-9634139,UK,28328.78,24408.08,19-02-2019,Clothing,"Dickinson, Hyatt and Berge",Jessamine Apark,Jay Morefield,PC
44-5200140,Portugal,162246.76,142663.58,28-08-2019,Games,Hessel-Stiedemann,Celine Tumasian,Corene Shirer,PC
98-6247105,Germany,161217.16,135696.48,20-10-2019,Games,Labadie and Sons,Rickard Doogood,Casie MacBain,PC
24-6566439,France,37397.43,30837.92,17-05-2020,Games,Hegmann Group,Othello Bowes,Avrit Chanders,PC
52-9152387,UK,99064.31,85393.44,10-07-2020,Books,Johns and Sons,Jessamine Apark,Winny Agnolo,PC
26-9787272,Sweden,15817.05,13743.44,10-03-2019,Clothing,Kihn Inc,Maxie Marrow,Anita Woakes,PC
12-2202467,Portugal,38930.16,32837.59,18-11-2020,Outdoors,"Spencer, Rogahn and Muller",Celine Tumasian,Brynn Dempster,PC
82-0537890,Portugal,28859.73,23656.32,09-01-2019,Electronics,Larkin-Collier,Celine Tumasian,Corene Shirer,Mobile
15-6838362,France,54079.04,45031.62,29-05-2020,Games,"Lueilwitz, Kerluke and Lesch",Othello Bowes,Avrit Chanders,PC
51-0685379,Sweden,70596.7,60564.91,09-02-2020,Electronics,Hilll-Vandervort,Maxie Marrow,Alyosha Meah,PC
76-5919033,UK,169629.55,135347.42,23-10-2019,Outdoors,Johns and Sons,Jessamine Apark,Jay Morefield,PC
34-7627348,Portugal,95387.89,76195.85,08-05-2020,Books,Gislason-Stanton,Celine Tumasian,Aurelie Wren,PC
32-1940437,France,50585.98,40999.94,29-08-2020,Beauty,"Bashirian, Okuneva and Bechtelar",Othello Bowes,Maighdiln Upcraft,Tablet
25-9913528,Sweden,103726.57,90231.74,21-05-2020,Clothing,Dibbert Inc,Maxie Marrow,Caro Morfield,Mobile
73-3464233,UK,222700.23,194951.78,12-12-2020,Appliances,Johns and Sons,Jessamine Apark,Genevra Charrisson,Mobile
04-2863062,Portugal,143322.47,114213.68,19-05-2020,Books,Johns and Sons,Celine Tumasian,Corene Shirer,PC
18-7077174,UK,128227.36,106710.81,01-06-2019,Accessories,"Murray, Reichel and Nolan",Jessamine Apark,Jay Morefield,PC
64-8300193,Sweden,127939.8,112267.17,09-12-2019,Clothing,Gislason-Stanton,Maxie Marrow,Alyosha Meah,PC
84-2858993,Sweden,146540.75,120822.85,30-04-2019,Smartphones,"Swaniawski, Runolfsson and Green",Maxie Marrow,Anita Woakes,PC
72-2647440,Portugal,36321.68,31581.7,29-10-2020,Books,Kirlin and Sons,Celine Tumasian,Smitty Culverhouse,PC
68-1806238,Spain,42814.57,35356.27,01-02-2019,Beauty,Wiza and Sons,Emalia Dinse,Perri Aldersley,PC
87-0922827,UK,169262.2,141080.04,26-04-2020,Beauty,Considine-Fisher,Jessamine Apark,Winny Agnolo,PC
33-8547717,Sweden,114427.36,93727.45,11-03-2020,Other,Tillman and Sons,Maxie Marrow,Madelon Bront,PC
15-5051694,UK,126979.62,105113.73,26-09-2019,Electronics,Dibbert Inc,Jessamine Apark,Genevra Charrisson,PC
37-2363680,Luxembourg,294874.74,259106.43,15-12-2020,Books,Morissette Group,Ilsa Kob,Jocelyn Laurentino,PC
92-4106004,UK,173258.94,143198.51,24-05-2019,Clothing,Johns and Sons,Jessamine Apark,Jay Morefield,PC
39-1671087,Luxembourg,158362.33,133990.37,14-08-2020,Books,Hessel-Stiedemann,Ilsa Kob,Jocelyn Laurentino,PC
77-9240051,UK,50689.19,43597.77,18-11-2020,Clothing,"Swaniawski, Runolfsson and Green",Jessamine Apark,Jay Morefield,PC
79-8966057,Ireland,117358.02,102664.8,02-11-2020,Clothing,Goldner-Dibbert,Glenine Suttaby,Palm Wetherald,PC
75-0683725,Sweden,93996.68,77171.27,10-10-2020,Games,"Swaniawski, Runolfsson and Green",Maxie Marrow,Alyosha Meah,Mobile
55-5032186,UK,119769.22,98234.71,11-01-2020,Books,"Bashirian, Okuneva and Bechtelar",Jessamine Apark,Jay Morefield,PC
31-8836719,France,84194.21,71885.02,26-12-2020,Books,"Zieme, Bailey and Herzog",Othello Bowes,Avrit Chanders,Mobile
64-4923214,Finland,205582.75,166748.17,22-12-2020,Beauty,Tromp LLC,Hube Corey,Wat Bowkley,PC
98-2574776,Sweden,159793.46,139180.1,15-06-2019,Smartphones,"Swaniawski, Runolfsson and Green",Maxie Marrow,Alyosha Meah,Tablet
33-0729966,Portugal,104711.22,90868.4,25-08-2020,Clothing,Marquardt-Kuvalis,Celine Tumasian,Corene Shirer,PC
07-3201531,France,69126.5,55902.6,08-12-2019,Electronics,"Farrell, Swaniawski and Crist",Othello Bowes,Avrit Chanders,PC
21-3278349,Sweden,20226.11,17408.61,23-02-2019,Electronics,Larkin-Collier,Maxie Marrow,Caro Morfield,PC
50-1695443,France,65036.81,52361.14,30-05-2019,Other,Considine-Fisher,Othello Bowes,Amelina Piscopiello,PC
52-3693331,France,254021.98,205605.39,03-07-2019,Clothing,McGlynn-Prosacco,Othello Bowes,Maighdiln Upcraft,PC
98-3033030,Luxembourg,160185.99,130487.51,27-09-2020,Accessories,"Zieme, Bailey and Herzog",Ilsa Kob,Jocelyn Laurentino,PC
34-5793997,UK,81219.67,70319.99,20-05-2020,Clothing,Hessel-Stiedemann,Jessamine Apark,Genevra Charrisson,PC
52-7280101,Portugal,108412.76,88594.91,03-08-2019,Smartphones,Romaguera-Haley,Celine Tumasian,Corene Shirer,Mobile
55-3118263,Spain,42028.45,36299.97,01-03-2020,Other,Hessel-Stiedemann,Emalia Dinse,Perri Aldersley,PC
58-9822844,Sweden,62272.96,54600.93,20-02-2019,Beauty,Romaguera-Haley,Maxie Marrow,Caro Morfield,PC
51-5324396,Sweden,91350.76,75839.4,04-02-2019,Games,Tillman and Sons,Maxie Marrow,Alyosha Meah,PC
99-5465830,UK,123272.44,101576.49,20-01-2019,Clothing,"Christiansen, Donnelly and Bechtelar",Jessamine Apark,Genevra Charrisson,Tablet
01-8696189,Luxembourg,182852.21,145440.65,28-12-2019,Outdoors,Johns and Sons,Ilsa Kob,Jocelyn Laurentino,PC
20-7636879,Portugal,118321.11,94822.54,23-11-2020,Electronics,Tillman and Sons,Celine Tumasian,Aurelie Wren,Tablet
85-8092784,UK,74295.81,63716.09,11-04-2019,Games,"Keeling, Monahan and Pollich",Jessamine Apark,Genevra Charrisson,PC
97-5905883,UK,152865.34,121130.5,06-12-2020,Clothing,Konopelski LLC,Jessamine Apark,Genevra Charrisson,PC
74-6473826,France,171458.64,148877.54,16-08-2019,Books,McGlynn-Bergstrom,Othello Bowes,Crysta Halls,PC
91-0416047,UK,156177.77,130096.08,24-12-2019,Clothing,Johns and Sons,Jessamine Apark,Winny Agnolo,PC
34-0232219,Portugal,116023.51,96566.37,02-06-2020,Smartphones,Tillman and Sons,Celine Tumasian,Smitty Culverhouse,PC
34-0783331,France,70657.26,61330.5,05-09-2020,Other,"Rowe, Hermiston and Kessler",Othello Bowes,Maighdiln Upcraft,PC
30-8215510,Netherlands,104152.15,85696.39,06-05-2019,Smartphones,"Swaniawski, Runolfsson and Green",Denice Amberg,Nero Harbisher,Mobile
95-3196761,Portugal,84224.98,68239.08,21-01-2019,Appliances,Hessel-Stiedemann,Celine Tumasian,Aurelie Wren,Mobile
99-3651863,Portugal,172505.24,139125.48,02-10-2020,Accessories,Romaguera-Haley,Celine Tumasian,Brynn Dempster,PC
94-8641337,Portugal,89830.34,76795.96,19-04-2019,Games,Johns and Sons,Celine Tumasian,Aurelie Wren,Tablet
36-2694099,Netherlands,353925.06,287528.72,04-12-2020,Clothing,Corwin and Sons,Denice Amberg,Nero Harbisher,PC
40-5308505,France,141436.98,114691.25,26-05-2019,Outdoors,Walter LLC,Othello Bowes,Maighdiln Upcraft,PC
68-8279682,UK,178465.4,156282.15,27-04-2020,Accessories,Romaguera-Haley,Jessamine Apark,Winny Agnolo,PC
50-2481520,Sweden,110092.84,92797.25,29-06-2020,Other,"Rowe, Hermiston and Kessler",Maxie Marrow,Anita Woakes,Tablet
46-1054213,UK,154715.49,126572.74,23-10-2020,Electronics,Smith Group,Jessamine Apark,Genevra Charrisson,PC
40-9497268,Sweden,92877.57,75936.7,05-04-2020,Electronics,Wisoky Inc,Maxie Marrow,Madelon Bront,Mobile
54-5107115,France,66141.13,53435.42,26-05-2019,Clothing,Stehr LLC,Othello Bowes,Ora Grennan,PC
15-7053450,Germany,241782.39,196544.91,09-06-2020,Appliances,Johns and Sons,Rickard Doogood,Casie MacBain,PC
36-2012010,Portugal,211872.69,177930.69,23-07-2019,Games,Johns and Sons,Celine Tumasian,Hortense Gerring,Mobile
61-7521706,Portugal,170408.23,143432.61,03-11-2020,Clothing,Romaguera-Haley,Celine Tumasian,Aurelie Wren,Mobile
17-0893784,Sweden,157683.41,130624.94,08-06-2019,Electronics,Hegmann Group,Maxie Marrow,Alyosha Meah,Tablet
23-5766200,Portugal,116157.89,97166.07,14-11-2019,Games,"Parisian, Steuber and Satterfield",Celine Tumasian,Hortense Gerring,PC
24-3140242,France,56106.13,45081.27,12-03-2020,Electronics,"Rowe, Hermiston and Kessler",Othello Bowes,Amelina Piscopiello,PC
81-0573181,Sweden,40385.45,32591.06,15-07-2020,Smartphones,Armstrong-Little,Maxie Marrow,Tarrah Castelletti,PC
13-1936536,UK,112491.58,92254.34,24-10-2019,Appliances,Hessel-Stiedemann,Jessamine Apark,Genevra Charrisson,Mobile
94-8026718,Finland,200635.57,172245.64,11-12-2019,Clothing,Larkin-Collier,Hube Corey,Wat Bowkley,PC
81-5976459,Portugal,243176.92,202250.24,03-07-2020,Appliances,Gislason-Stanton,Celine Tumasian,Hortense Gerring,PC
28-6038070,Portugal,52227.07,45124.19,14-03-2019,Books,"Farrell, Swaniawski and Crist",Celine Tumasian,Corene Shirer,PC
81-7970957,Bulgaria,147672.87,129110.39,15-10-2019,Electronics,Homenick-Marvin,Charil Alpe,Bernadine Fullagar,PC
60-8646184,France,149500.61,125401.11,24-07-2020,Games,McGlynn-Bergstrom,Othello Bowes,Crysta Halls,PC
32-2114915,France,53089.52,44812.86,24-08-2019,Beauty,Goldner-Dibbert,Othello Bowes,Crysta Halls,PC
58-7865136,France,85223.07,73002.08,15-09-2019,Beauty,"Hamill, Kulas and Roob",Othello Bowes,Maighdiln Upcraft,PC
98-9112505,Denmark,58948.52,49416.54,20-05-2020,Clothing,Wisoky Inc,Modestia Byfford,Case Desorts,PC
03-0455038,Portugal,165696.9,132275.84,22-10-2020,Electronics,Franecki-White,Celine Tumasian,Aurelie Wren,PC
71-0122842,Sweden,177993.88,145029.41,02-12-2019,Outdoors,Johns and Sons,Maxie Marrow,Alyosha Meah,Tablet
55-1395838,France,108713.83,90341.19,09-03-2020,Clothing,Hessel-Stiedemann,Othello Bowes,Amelina Piscopiello,PC
95-7886861,Finland,25816.05,21447.97,08-09-2019,Clothing,Smith Group,Hube Corey,Mellicent Mattys,Mobile
19-3013452,Portugal,154072.89,121887.06,30-09-2020,Beauty,"Rowe, Hermiston and Kessler",Celine Tumasian,Smitty Culverhouse,PC
54-5082146,Finland,194962.05,154975.33,05-07-2020,Appliances,"Rowe, Hermiston and Kessler",Hube Corey,Mellicent Mattys,PC
69-4462108,Portugal,60744.83,52805.48,19-03-2020,Smartphones,Gislason-Stanton,Celine Tumasian,Brynn Dempster,PC
68-3731565,Sweden,39313.39,34273.41,10-10-2020,Beauty,Corwin and Sons,Maxie Marrow,Anita Woakes,Mobile
82-2972108,France,119820.82,98289.02,16-06-2019,Appliances,Considine-Fisher,Othello Bowes,Amelina Piscopiello,PC
15-2503493,UK,129485.51,112794.83,05-01-2019,Appliances,McGlynn-Prosacco,Jessamine Apark,Jay Morefield,PC
37-0857161,Italy,163203.64,140893.7,21-06-2019,Smartphones,"Swaniawski, Runolfsson and Green",Piggy Roscrigg,Joshua Prevost,PC
71-2709641,France,62788.04,53049.61,13-02-2020,Appliances,Altenwerth-Konopelski,Othello Bowes,Avrit Chanders,PC
10-5899580,Portugal,148037.71,117867.62,14-04-2020,Electronics,Romaguera-Dietrich,Celine Tumasian,Corene Shirer,PC
10-9241948,Ireland,55539.67,45620.29,21-03-2020,Electronics,Altenwerth-Konopelski,Glenine Suttaby,Palm Wetherald,PC
68-0080728,France,150135,131067.85,09-09-2020,Smartphones,Larkin-Collier,Othello Bowes,Avrit Chanders,PC
47-0640313,Ireland,85294.3,72662.21,25-03-2020,Beauty,"Zieme, Bailey and Herzog",Glenine Suttaby,Bunnie Tonbridge,PC
37-6597365,Luxembourg,136079.62,119178.53,29-08-2019,Games,West-Cummings,Ilsa Kob,Jocelyn Laurentino,PC
13-0833129,Finland,186397.6,161233.92,04-12-2020,Appliances,Friesen and Sons,Hube Corey,Mellicent Mattys,Mobile
15-2994585,Germany,32695.37,26375.35,28-11-2020,Accessories,Johns and Sons,Rickard Doogood,Casie MacBain,Mobile
85-7784608,France,86077.83,72288.16,03-11-2019,Appliances,Johns and Sons,Othello Bowes,Amelina Piscopiello,PC
22-3969127,Sweden,72885.55,59773.44,29-12-2020,Clothing,Johns and Sons,Maxie Marrow,Anita Woakes,PC
80-2242820,Portugal,100469.75,82566.04,17-05-2019,Electronics,Johns and Sons,Celine Tumasian,Aurelie Wren,PC
35-1705563,Sweden,40831.52,34192.31,26-04-2019,Appliances,Labadie and Sons,Maxie Marrow,Madelon Bront,PC
93-9941140,Italy,142353.07,116046.22,24-07-2019,Books,Dibbert Inc,Piggy Roscrigg,Joshua Prevost,PC
36-2366573,Sweden,250315.06,218825.43,08-07-2019,Beauty,McGlynn-Prosacco,Maxie Marrow,Alyosha Meah,PC
10-9932801,UK,100094.97,84690.35,08-11-2020,Games,"Swaniawski, Runolfsson and Green",Jessamine Apark,Genevra Charrisson,PC
70-8991739,UK,77128.75,65536.3,09-08-2020,Books,"Dickinson, Hyatt and Berge",Jessamine Apark,Jay Morefield,Mobile
97-4830372,France,176114.73,149257.23,24-11-2020,Electronics,Johns and Sons,Othello Bowes,Maighdiln Upcraft,PC
95-8015610,France,146325.53,118333.46,09-08-2020,Games,Stehr-Bogan,Othello Bowes,Crysta Halls,PC
84-1062113,Germany,161823.46,130494.44,20-07-2020,Clothing,Friesen-Rath,Rickard Doogood,Casie MacBain,PC
05-5082715,Sweden,132632.97,112035.07,23-04-2019,Electronics,"Keeling, Monahan and Pollich",Maxie Marrow,Anita Woakes,PC
35-6942653,Portugal,107232.99,85207.33,08-03-2020,Appliances,Hessel-Stiedemann,Celine Tumasian,Smitty Culverhouse,PC
79-6623911,Sweden,120763.23,96719.27,14-04-2020,Clothing,"Murray, Reichel and Nolan",Maxie Marrow,Anita Woakes,PC
48-7662634,Bulgaria,278731.9,221591.86,05-12-2019,Appliances,West-Cummings,Charil Alpe,Bernadine Fullagar,PC
46-5888587,Bulgaria,138153.7,112926.83,14-02-2019,Games,McGlynn-Bergstrom,Charil Alpe,Bernadine Fullagar,PC
17-3178991,Ireland,68802.13,54635.77,15-09-2020,Beauty,Kirlin and Sons,Glenine Suttaby,Bunnie Tonbridge,PC
18-8528486,Finland,35619.28,28192.66,08-01-2019,Electronics,"Murray, Reichel and Nolan",Hube Corey,Wat Bowkley,PC
55-4588115,UK,65014.84,53669.75,27-03-2020,Outdoors,"Dickinson, Hyatt and Berge",Jessamine Apark,Genevra Charrisson,Mobile
19-9073616,Germany,48922.42,39387.44,19-10-2020,Outdoors,"Murray, Reichel and Nolan",Rickard Doogood,Casie MacBain,Tablet
96-0020600,France,165262.34,142621.4,19-05-2020,Electronics,Altenwerth-Konopelski,Othello Bowes,Amelina Piscopiello,Mobile
88-7664123,Portugal,164117.24,133509.37,28-05-2020,Electronics,"Zieme, Bailey and Herzog",Celine Tumasian,Corene Shirer,PC
17-8884817,Portugal,238085.99,193587.72,16-07-2020,Clothing,"Rowe, Hermiston and Kessler",Celine Tumasian,Hortense Gerring,PC
45-5509135,Sweden,117733.51,97294.97,13-07-2019,Electronics,Connelly-Mohr,Maxie Marrow,Tarrah Castelletti,PC
81-4176165,France,26713.46,22043.95,12-10-2020,Beauty,Wisoky Inc,Othello Bowes,Ora Grennan,PC
24-9702599,France,49664.17,39244.63,30-10-2019,Books,"Swaniawski, Runolfsson and Green",Othello Bowes,Amelina Piscopiello,PC
24-4272786,Sweden,162101.93,133912.4,19-12-2019,Smartphones,"Rowe, Hermiston and Kessler",Maxie Marrow,Tarrah Castelletti,PC
77-3656041,France,118027.37,96050.67,06-04-2019,Beauty,Johns and Sons,Othello Bowes,Ora Grennan,PC
47-7207206,Sweden,147994.63,129643.3,27-01-2019,Games,Stamm Inc,Maxie Marrow,Alyosha Meah,PC
65-2022928,Finland,48946.74,38765.82,19-04-2019,Accessories,"Swaniawski, Runolfsson and Green",Hube Corey,Mellicent Mattys,PC
16-5837761,Sweden,73860.57,60336.7,13-11-2020,Clothing,McGlynn-Prosacco,Maxie Marrow,Madelon Bront,PC
80-7090422,Portugal,86083.27,72309.95,30-11-2019,Electronics,Connelly-Mohr,Celine Tumasian,Hortense Gerring,PC
66-8222460,Finland,72385.53,60181.33,10-09-2019,Clothing,Johns and Sons,Hube Corey,Wat Bowkley,PC
44-0527427,Portugal,120332.26,102282.42,14-01-2020,Clothing,"Parisian, Steuber and Satterfield",Celine Tumasian,Hortense Gerring,Tablet
75-9517276,Sweden,81262.34,65326.8,06-09-2019,Books,Johns and Sons,Maxie Marrow,Anita Woakes,Mobile
24-2403756,Austria,139075.59,113708.2,16-12-2020,Games,"Murray, Reichel and Nolan",Orsa Geekin,Bank Coumbe,PC
50-1986322,France,50516.2,43918.78,22-03-2019,Electronics,Wiza and Sons,Othello Bowes,Maighdiln Upcraft,PC
75-9585763,Sweden,112228.82,97470.73,15-09-2019,Outdoors,Gislason-Stanton,Maxie Marrow,Madelon Bront,PC
86-6760202,France,79833.6,63411.83,15-06-2019,Appliances,McGlynn-Bergstrom,Othello Bowes,Avrit Chanders,PC
66-7717800,Finland,135629.36,118526.5,12-08-2020,Games,Tillman and Sons,Hube Corey,Mellicent Mattys,PC
89-8942175,Luxembourg,175332.04,144999.6,24-09-2020,Accessories,Hegmann Group,Ilsa Kob,Jocelyn Laurentino,PC
38-0584273,Portugal,101923.36,86115.05,19-01-2019,Beauty,"Shanahan, Schaden and Parker",Celine Tumasian,Brynn Dempster,Mobile
38-8840357,Germany,190100.96,160749.37,20-12-2019,Electronics,Walter LLC,Rickard Doogood,Casie MacBain,PC
82-4495901,Netherlands,152771.9,134423.99,02-05-2020,Clothing,McClure Inc,Denice Amberg,Nero Harbisher,PC
81-2373308,France,52805.94,43791.97,22-06-2020,Smartphones,Kihn Inc,Othello Bowes,Amelina Piscopiello,PC
15-0224516,Portugal,51416.24,43338.75,15-04-2020,Smartphones,"Spencer, Rogahn and Muller",Celine Tumasian,Aurelie Wren,PC
95-6935153,Luxembourg,76426.54,66116.6,16-03-2019,Clothing,O'Connell-Mitchell,Ilsa Kob,Jocelyn Laurentino,PC
60-8661261,France,118021.59,98229.37,21-04-2019,Beauty,"Lubowitz, McLaughlin and Erdman",Othello Bowes,Maighdiln Upcraft,PC
56-2783503,Portugal,59378.97,52176.3,25-04-2020,Appliances,Schoen-Keeling,Celine Tumasian,Corene Shirer,PC
95-1516475,Spain,61325.25,49379.09,29-07-2020,Beauty,Hessel-Stiedemann,Emalia Dinse,Manuel Goudie,Tablet
32-5562588,France,80431.34,69774.19,22-07-2019,Beauty,Hessel-Stiedemann,Othello Bowes,Crysta Halls,PC
70-7769332,Portugal,177919.14,147370.42,07-06-2020,Beauty,Walter LLC,Celine Tumasian,Aurelie Wren,PC
07-6200800,Ireland,37520.09,32781.3,27-05-2020,Clothing,Kihn Inc,Glenine Suttaby,Bunnie Tonbridge,Mobile
11-2988171,Spain,68745.86,58014.63,09-04-2019,Electronics,Labadie and Sons,Emalia Dinse,Manuel Goudie,PC
38-3894304,Denmark,69017.42,55897.21,02-04-2020,Electronics,Hegmann Group,Modestia Byfford,Case Desorts,PC
33-6126082,France,48850.38,39788.63,31-03-2019,Appliances,"Spencer, Rogahn and Muller",Othello Bowes,Crysta Halls,PC
25-4970452,Netherlands,253291.55,219502.46,12-06-2020,Books,Altenwerth-Konopelski,Denice Amberg,Nero Harbisher,PC
34-8903845,Portugal,47186.74,38112.73,28-07-2019,Electronics,"Hartmann, Hane and Pfannerstill",Celine Tumasian,Aurelie Wren,PC
32-2110689,Portugal,59670.68,51269.05,10-09-2019,Appliances,"Shanahan, Schaden and Parker",Celine Tumasian,Aurelie Wren,PC
37-8204282,Portugal,228961.3,183764.34,01-06-2020,Appliances,Johns and Sons,Celine Tumasian,Hortense Gerring,PC
46-1318487,France,165259.58,130703.8,26-06-2020,Outdoors,Armstrong-Little,Othello Bowes,Crysta Halls,PC
99-3971751,France,219911.81,179426.05,05-07-2019,Clothing,Smith Group,Othello Bowes,Crysta Halls,PC
24-7985425,Finland,55882.12,48561.56,20-05-2020,Clothing,"Murray, Reichel and Nolan",Hube Corey,Mellicent Mattys,PC
30-9690927,France,16388.9,13430.7,15-03-2020,Electronics,West-Cummings,Othello Bowes,Crysta Halls,PC
37-5025811,Spain,85927.37,74490.44,15-04-2019,Clothing,"Hartmann, Hane and Pfannerstill",Emalia Dinse,Perri Aldersley,PC
21-6670877,France,161212.39,138046.17,04-07-2020,Accessories,Hilll-Vandervort,Othello Bowes,Crysta Halls,PC
34-3119010,France,66678.38,53009.31,04-03-2019,Smartphones,Walter LLC,Othello Bowes,Amelina Piscopiello,PC
54-7503816,Sweden,148243.05,120566.07,07-12-2020,Beauty,Johns and Sons,Maxie Marrow,Madelon Bront,PC
96-1698894,Ireland,126523.36,106368.19,14-05-2020,Games,Gleichner-Green,Glenine Suttaby,Bunnie Tonbridge,PC
92-0523700,Ireland,63373.72,55572.41,03-03-2020,Clothing,"Dickinson, Hyatt and Berge",Glenine Suttaby,Bunnie Tonbridge,PC
15-3657248,Ireland,76767.77,64500.28,22-01-2020,Games,"Spencer, Rogahn and Muller",Glenine Suttaby,Bunnie Tonbridge,PC
16-3423161,Portugal,78938.82,65471.86,24-04-2019,Games,"Fisher, Morar and Skiles",Celine Tumasian,Brynn Dempster,PC
67-2684209,France,131864.04,110277.9,09-04-2019,Appliances,"Murray, Reichel and Nolan",Othello Bowes,Ora Grennan,PC
21-7344983,Portugal,116774.43,98954.65,21-04-2019,Accessories,Labadie and Sons,Celine Tumasian,Hortense Gerring,Mobile
47-9701762,France,141112.84,120044.69,08-08-2020,Electronics,Gislason-Stanton,Othello Bowes,Avrit Chanders,Mobile
86-3876359,Bulgaria,33210.56,29109.06,20-11-2020,Books,Hessel-Stiedemann,Charil Alpe,Bernadine Fullagar,PC
34-4313860,France,174392.33,141449.62,03-08-2020,Smartphones,Labadie and Sons,Othello Bowes,Ora Grennan,PC
71-4782689,Sweden,204484.61,177308.61,16-06-2019,Games,"Hermiston, Simonis and Wisoky",Maxie Marrow,Caro Morfield,Tablet
85-3690127,Germany,80986.1,64124.79,02-12-2019,Appliances,"Dickinson, Hyatt and Berge",Rickard Doogood,Casie MacBain,Mobile
66-5810051,Sweden,179179.73,154936.71,22-10-2019,Books,"Zieme, Bailey and Herzog",Maxie Marrow,Anita Woakes,PC
81-9170157,Netherlands,99731.4,84731.8,12-01-2020,Electronics,Smith Group,Denice Amberg,Nero Harbisher,PC
24-7300640,France,32661.62,27922.42,08-02-2020,Electronics,"Zieme, Bailey and Herzog",Othello Bowes,Amelina Piscopiello,PC
97-1288901,Sweden,30166.93,24658.45,29-11-2019,Appliances,Corwin and Sons,Maxie Marrow,Tarrah Castelletti,PC
81-9757849,Germany,36747.24,31900.28,19-01-2019,Accessories,Johns and Sons,Rickard Doogood,Casie MacBain,PC
44-9179070,France,66884.7,58544.18,19-01-2020,Smartphones,Wisoky Inc,Othello Bowes,Crysta Halls,PC
55-2137809,Portugal,165305.7,134757.21,13-07-2019,Games,"Christiansen, Donnelly and Bechtelar",Celine Tumasian,Aurelie Wren,PC
56-1063618,Sweden,50618.21,41835.95,05-03-2019,Beauty,Hegmann Group,Maxie Marrow,Tarrah Castelletti,PC
01-8080546,Sweden,82116.31,70652.87,30-05-2020,Beauty,"Zieme, Bailey and Herzog",Maxie Marrow,Caro Morfield,Tablet
29-5632797,Sweden,106142.65,88151.47,04-06-2019,Games,Baumbach Group,Maxie Marrow,Anita Woakes,PC
20-1191256,Portugal,149514,122646.33,18-10-2020,Games,"Bashirian, Okuneva and Bechtelar",Celine Tumasian,Smitty Culverhouse,Mobile
33-4022317,Sweden,30975.79,27072.84,15-03-2020,Clothing,McGlynn-Bergstrom,Maxie Marrow,Tarrah Castelletti,PC
59-5892824,France,165118.74,137527.4,02-11-2019,Clothing,Smith Group,Othello Bowes,Amelina Piscopiello,PC
52-3394023,Germany,76652.73,64311.64,04-08-2020,Accessories,"Farrell, Swaniawski and Crist",Rickard Doogood,Casie MacBain,PC
89-5350599,UK,151632.33,120744.82,14-07-2020,Clothing,Armstrong-Little,Jessamine Apark,Winny Agnolo,PC
92-6298656,France,35289.75,29424.59,26-02-2019,Smartphones,Armstrong-Little,Othello Bowes,Maighdiln Upcraft,PC
91-7317758,France,77043.84,63245.29,08-02-2020,Outdoors,Armstrong-Little,Othello Bowes,Avrit Chanders,PC
60-6055725,Portugal,59691.71,49239.69,17-06-2019,Other,Walter LLC,Celine Tumasian,Hortense Gerring,PC
33-2816759,Portugal,181882.43,149834.75,28-07-2019,Books,McClure Inc,Celine Tumasian,Corene Shirer,PC
05-2359767,Portugal,50796.04,44090.96,21-09-2019,Books,"Farrell, Swaniawski and Crist",Celine Tumasian,Hortense Gerring,PC
73-9492768,Netherlands,73981.77,61959.73,18-11-2019,Clothing,"Hamill, Kulas and Roob",Denice Amberg,Nero Harbisher,PC
31-6770318,UK,105686.13,86694.33,13-10-2019,Outdoors,Johns and Sons,Jessamine Apark,Genevra Charrisson,PC
52-0695511,Sweden,149376.26,123653.67,31-01-2020,Other,"Fisher, Morar and Skiles",Maxie Marrow,Alyosha Meah,PC
45-8314773,Netherlands,85237.91,72384.03,18-03-2020,Smartphones,Armstrong-Little,Denice Amberg,Nero Harbisher,PC
53-0205940,Luxembourg,104743.22,83281.33,24-03-2019,Electronics,Johns and Sons,Ilsa Kob,Jocelyn Laurentino,Mobile
53-1660551,Portugal,290551.74,239530.86,14-12-2020,Other,Hessel-Stiedemann,Celine Tumasian,Brynn Dempster,PC
70-5394452,France,72314.73,57309.42,27-08-2019,Appliances,Johns and Sons,Othello Bowes,Ora Grennan,PC
10-0386535,Netherlands,119858.15,99997.65,19-11-2020,Electronics,McGlynn-Prosacco,Denice Amberg,Nero Harbisher,PC
56-8476539,Portugal,119937.47,98720.53,13-08-2019,Games,"Hartmann, Hane and Pfannerstill",Celine Tumasian,Aurelie Wren,PC
04-7976277,France,60592.4,52363.95,22-02-2019,Accessories,"Rowe, Hermiston and Kessler",Othello Bowes,Crysta Halls,PC
21-2965409,Ireland,31966.82,26593.2,24-08-2020,Appliances,Johns and Sons,Glenine Suttaby,Palm Wetherald,PC
04-2788693,Portugal,83226.45,71699.59,22-11-2020,Beauty,"Swaniawski, Runolfsson and Green",Celine Tumasian,Corene Shirer,PC
20-6477396,Germany,51407.3,44292.53,02-05-2019,Clothing,Altenwerth-Konopelski,Rickard Doogood,Casie MacBain,Tablet
22-7259031,Germany,61968.26,50690.04,27-12-2020,Electronics,Romaguera-Dietrich,Rickard Doogood,Casie MacBain,PC
44-9239029,Ireland,271465.15,217959.37,03-07-2019,Electronics,Corwin and Sons,Glenine Suttaby,Bunnie Tonbridge,Mobile
77-4566105,Sweden,86854.64,72219.63,04-02-2020,Books,Tillman and Sons,Maxie Marrow,Tarrah Castelletti,PC
29-3662564,Ireland,119819.37,105441.05,07-12-2020,Smartphones,Dibbert Inc,Glenine Suttaby,Palm Wetherald,PC
73-8057834,UK,160763.9,131102.96,18-04-2019,Appliances,McGlynn-Prosacco,Jessamine Apark,Genevra Charrisson,PC
87-9980890,Sweden,44029.07,38344.92,09-09-2019,Other,McGlynn-Bergstrom,Maxie Marrow,Alyosha Meah,PC
98-8250897,France,86628.32,72464.59,06-11-2019,Appliances,Kihn Inc,Othello Bowes,Crysta Halls,PC
98-3051699,Portugal,97641.25,83414.92,17-10-2020,Books,Morissette Group,Celine Tumasian,Brynn Dempster,PC
75-7291972,Portugal,98746.66,80399.53,10-02-2020,Appliances,Considine-Fisher,Celine Tumasian,Smitty Culverhouse,PC
67-3672347,France,109562.5,89917.94,05-08-2020,Appliances,"Dickinson, Hyatt and Berge",Othello Bowes,Maighdiln Upcraft,PC
75-1785229,UK,60301.96,48820.47,08-02-2019,Beauty,Wiza and Sons,Jessamine Apark,Jay Morefield,PC
53-1426071,France,80781.62,68971.35,19-01-2019,Smartphones,McGlynn-Prosacco,Othello Bowes,Ora Grennan,Mobile
49-7167664,France,238659.41,204507.25,23-12-2019,Appliances,Corwin and Sons,Othello Bowes,Amelina Piscopiello,Tablet
07-7047482,UK,165631.75,139114.11,03-09-2019,Appliances,Johns and Sons,Jessamine Apark,Jay Morefield,PC
57-1931933,Sweden,126682.79,106514.89,11-06-2019,Smartphones,"Murray, Reichel and Nolan",Maxie Marrow,Madelon Bront,PC
15-5167065,Sweden,145558,116257.18,20-12-2019,Clothing,Konopelski LLC,Maxie Marrow,Tarrah Castelletti,Tablet
98-9382686,Spain,59163.79,50419.38,11-03-2019,Smartphones,McClure Inc,Emalia Dinse,Perri Aldersley,Mobile
47-5733147,Sweden,140352.81,122303.44,01-12-2019,Smartphones,Hilll-Vandervort,Maxie Marrow,Caro Morfield,PC
98-2104934,France,163401.23,139413.93,22-04-2019,Clothing,Wisoky Inc,Othello Bowes,Avrit Chanders,PC
30-6005742,Sweden,177867.3,140675.25,03-10-2020,Smartphones,Walter LLC,Maxie Marrow,Anita Woakes,PC
21-7461655,Germany,58416.81,46745.13,07-02-2019,Clothing,Morissette Group,Rickard Doogood,Casie MacBain,PC
96-7625873,Germany,169544.95,137568.77,12-04-2020,Appliances,"Keeling, Monahan and Pollich",Rickard Doogood,Casie MacBain,Mobile
53-2132479,Luxembourg,74732.79,64098.31,24-02-2020,Beauty,McClure Inc,Ilsa Kob,Jocelyn Laurentino,PC
70-4650708,Portugal,55166.78,47443.43,13-04-2020,Books,Gislason-Stanton,Celine Tumasian,Hortense Gerring,PC
53-3037652,France,99319.33,79127.71,26-05-2020,Games,Hessel-Stiedemann,Othello Bowes,Amelina Piscopiello,PC
76-0774122,Sweden,118982.14,95506.96,15-01-2020,Clothing,Stehr-Bogan,Maxie Marrow,Caro Morfield,Mobile
72-3928347,Ireland,157007.52,126940.58,31-08-2019,Beauty,Friesen-Rath,Glenine Suttaby,Bunnie Tonbridge,PC
87-1399932,France,49374.25,39208.09,21-05-2019,Books,Stehr LLC,Othello Bowes,Ora Grennan,PC
25-1045028,Portugal,123891.6,104118.5,23-07-2019,Games,Hegmann Group,Celine Tumasian,Smitty Culverhouse,PC
70-0364033,France,234340.31,204438.49,13-12-2020,Clothing,Hessel-Stiedemann,Othello Bowes,Avrit Chanders,PC
35-9372764,Netherlands,95575.75,75504.84,23-12-2020,Books,Hessel-Stiedemann,Denice Amberg,Nero Harbisher,PC
36-1142710,Finland,125280.28,99372.32,18-10-2019,Beauty,Romaguera-Dietrich,Hube Corey,Wat Bowkley,PC
75-6291395,Portugal,127482.28,108614.9,26-08-2020,Beauty,Hilll-Vandervort,Celine Tumasian,Aurelie Wren,PC
00-3338378,Portugal,120453.52,97218.04,11-02-2019,Beauty,"Schowalter, Lesch and Beahan",Celine Tumasian,Brynn Dempster,PC
55-1904761,Portugal,120152.33,97527.65,29-09-2019,Outdoors,Romaguera-Dietrich,Celine Tumasian,Smitty Culverhouse,PC
70-9736399,Portugal,95410.97,80593.65,22-09-2020,Books,"Murray, Reichel and Nolan",Celine Tumasian,Hortense Gerring,Mobile
20-3125420,France,128804.51,105709.86,13-09-2019,Appliances,Connelly-Mohr,Othello Bowes,Amelina Piscopiello,Tablet
57-2968987,Italy,26899.97,23198.53,19-03-2019,Games,Hessel-Stiedemann,Piggy Roscrigg,Joshua Prevost,PC
76-2146784,UK,123751.91,102590.33,18-11-2019,Smartphones,Johns and Sons,Jessamine Apark,Jay Morefield,PC
19-3129154,Sweden,37081.31,31304.04,11-03-2019,Beauty,McGlynn-Prosacco,Maxie Marrow,Anita Woakes,PC
79-0973971,France,133905.55,116886.15,01-08-2020,Books,"Keeling, Monahan and Pollich",Othello Bowes,Avrit Chanders,Mobile
65-5376517,France,63298.61,53645.57,10-04-2020,Appliances,"Schowalter, Lesch and Beahan",Othello Bowes,Avrit Chanders,Mobile
80-5258827,France,274242.36,227950.25,09-12-2020,Outdoors,Hessel-Stiedemann,Othello Bowes,Amelina Piscopiello,Mobile
98-5257166,Luxembourg,312928.72,270401.71,12-12-2019,Beauty,Altenwerth-Konopelski,Ilsa Kob,Jocelyn Laurentino,Tablet
19-5610175,France,119156.18,100710.8,20-08-2019,Beauty,Johns and Sons,Othello Bowes,Ora Grennan,PC
94-3509391,France,162123.74,133979.06,14-04-2020,Beauty,Johns and Sons,Othello Bowes,Maighdiln Upcraft,PC
43-5417299,Ireland,65831.42,52487.39,12-01-2019,Electronics,"Christiansen, Donnelly and Bechtelar",Glenine Suttaby,Palm Wetherald,PC
68-6141868,France,180515.09,148852.74,26-12-2019,Books,Franecki-White,Othello Bowes,Amelina Piscopiello,PC
29-8979189,UK,99114.91,84217.94,04-04-2020,Clothing,Johns and Sons,Jessamine Apark,Winny Agnolo,PC
58-9821508,Portugal,171884,146702.99,13-10-2019,Games,Johns and Sons,Celine Tumasian,Smitty Culverhouse,PC
49-1493117,Denmark,26745.94,22600.32,10-11-2019,Appliances,Larkin-Collier,Modestia Byfford,Case Desorts,PC
51-5334556,Portugal,77087.84,65894.69,17-05-2020,Other,"Rowe, Hermiston and Kessler",Celine Tumasian,Aurelie Wren,PC
79-3154360,France,87404,69363.81,26-12-2019,Electronics,Johns and Sons,Othello Bowes,Maighdiln Upcraft,PC
11-6024248,France,47680.2,40575.85,08-07-2019,Clothing,Dibbert Inc,Othello Bowes,Crysta Halls,PC
61-4610981,Finland,27824.83,23517.55,06-09-2019,Games,McClure Inc,Hube Corey,Wat Bowkley,PC
12-4509008,Portugal,106516.4,86928.03,21-03-2019,Clothing,"Hartmann, Hane and Pfannerstill",Celine Tumasian,Smitty Culverhouse,PC
46-5576111,France,141948.11,112948.11,25-04-2020,Books,Stehr LLC,Othello Bowes,Maighdiln Upcraft,PC
44-6718687,Ireland,226021.18,180455.31,18-07-2019,Accessories,"Schowalter, Lesch and Beahan",Glenine Suttaby,Palm Wetherald,PC
67-7432229,Italy,44232.84,38880.67,20-02-2020,Books,Johns and Sons,Piggy Roscrigg,Joshua Prevost,Tablet
17-4401585,Ireland,135344.52,117492.58,17-01-2019,Games,Tillman and Sons,Glenine Suttaby,Palm Wetherald,PC
56-9241023,France,271411.92,231514.37,09-12-2019,Clothing,Hessel-Stiedemann,Othello Bowes,Amelina Piscopiello,Tablet
90-2194359,Portugal,125253.59,108269.2,17-02-2020,Smartphones,"Murray, Reichel and Nolan",Celine Tumasian,Corene Shirer,PC
89-2424262,Sweden,15100.57,12113.68,20-02-2019,Games,"Murray, Reichel and Nolan",Maxie Marrow,Tarrah Castelletti,PC
30-2982340,France,157932.84,134148.15,31-01-2020,Games,"Schowalter, Lesch and Beahan",Othello Bowes,Amelina Piscopiello,PC
10-4704941,Portugal,64192.86,52837.14,12-04-2020,Appliances,Johns and Sons,Celine Tumasian,Brynn Dempster,PC
48-3484986,Sweden,156453.01,128494.86,04-10-2020,Clothing,Johns and Sons,Maxie Marrow,Madelon Bront,PC
84-4478396,Finland,53616.06,45589.74,03-01-2020,Appliances,Kihn Inc,Hube Corey,Wat Bowkley,PC
28-0849652,Finland,163967.89,138208.53,30-05-2019,Appliances,Friesen-Rath,Hube Corey,Wat Bowkley,Tablet
74-0214938,Sweden,171748.56,136574.45,20-11-2020,Games,Walter LLC,Maxie Marrow,Madelon Bront,PC
89-0187996,France,26103.94,22339.75,31-08-2020,Appliances,"Fisher, Morar and Skiles",Othello Bowes,Ora Grennan,Tablet
65-8218141,Portugal,140337.34,115708.14,04-09-2020,Appliances,Hegmann Group,Celine Tumasian,Corene Shirer,PC
49-8489293,Sweden,33617.03,26614.6,07-04-2020,Appliances,Altenwerth-Konopelski,Maxie Marrow,Madelon Bront,PC
91-8142232,Portugal,187874.45,160031.46,26-06-2019,Accessories,Johns and Sons,Celine Tumasian,Hortense Gerring,PC
75-5380350,Finland,41675.01,33765.09,25-06-2019,Beauty,"Hamill, Kulas and Roob",Hube Corey,Wat Bowkley,PC
35-4551515,Portugal,34930.08,28017.42,01-11-2019,Appliances,Kihn Inc,Celine Tumasian,Smitty Culverhouse,PC
73-2763209,Finland,127994.87,105800.56,01-09-2020,Books,Hegmann Group,Hube Corey,Mellicent Mattys,PC
56-0800364,Portugal,162637.68,130402.89,27-09-2019,Clothing,Larkin-Collier,Celine Tumasian,Corene Shirer,PC
42-7027181,Portugal,40728.28,35669.83,22-09-2019,Beauty,Romaguera-Haley,Celine Tumasian,Hortense Gerring,Mobile
29-0601002,Finland,293767.28,254079.32,05-06-2020,Games,West-Cummings,Hube Corey,Wat Bowkley,PC
90-2797129,Sweden,57913.36,48693.55,11-09-2019,Games,"Murray, Reichel and Nolan",Maxie Marrow,Alyosha Meah,PC
27-3437546,UK,63979.04,56032.84,22-10-2019,Games,Schoen-Keeling,Jessamine Apark,Genevra Charrisson,PC
78-3726363,France,102255.86,83379.43,12-11-2020,Smartphones,Rath-Schroeder,Othello Bowes,Avrit Chanders,PC
78-8990131,Finland,107271.94,86665,23-08-2020,Games,Johns and Sons,Hube Corey,Wat Bowkley,PC
85-2223377,Austria,51090.76,40739.77,12-03-2020,Electronics,Smith Group,Orsa Geekin,Bank Coumbe,PC
73-9246627,Sweden,102299.92,81706.95,22-08-2019,Beauty,"Rowe, Hermiston and Kessler",Maxie Marrow,Alyosha Meah,PC
56-7910696,France,144204.86,115262.94,08-11-2020,Books,McClure Inc,Othello Bowes,Amelina Piscopiello,PC
91-4296427,France,36183.97,30579.07,09-08-2020,Books,"Bashirian, Okuneva and Bechtelar",Othello Bowes,Avrit Chanders,Mobile
70-8181545,UK,47771.76,39234.95,29-05-2019,Beauty,Dibbert Inc,Jessamine Apark,Genevra Charrisson,PC
94-0775004,Spain,44038.31,36252.34,24-01-2020,Electronics,Corwin and Sons,Emalia Dinse,Manuel Goudie,PC
89-3466746,Sweden,116469.33,95190.38,31-01-2020,Outdoors,"Hermiston, Simonis and Wisoky",Maxie Marrow,Caro Morfield,PC
11-5257937,UK,227856.66,199010.01,20-07-2020,Electronics,"Keeling, Monahan and Pollich",Jessamine Apark,Jay Morefield,PC
22-7587128,Sweden,67161.99,55764.6,20-09-2019,Electronics,"Lubowitz, McLaughlin and Erdman",Maxie Marrow,Tarrah Castelletti,PC
36-7597839,Ireland,168178.03,142665.42,29-04-2020,Clothing,Walter LLC,Glenine Suttaby,Bunnie Tonbridge,PC
16-2824654,Sweden,42611.78,35755.54,12-03-2020,Clothing,Walter LLC,Maxie Marrow,Tarrah Castelletti,Mobile
49-1743669,Sweden,166507.76,143896.01,27-08-2020,Accessories,Labadie and Sons,Maxie Marrow,Madelon Bront,PC
48-7252604,Spain,131409.9,115325.33,15-11-2020,Electronics,McClure Inc,Emalia Dinse,Bertha Walbrook,PC
07-1769568,Portugal,133072,108600.06,28-10-2020,Outdoors,O'Connell-Mitchell,Celine Tumasian,Corene Shirer,PC
57-5645459,Finland,180250.02,147354.39,03-06-2019,Electronics,"Hartmann, Hane and Pfannerstill",Hube Corey,Mellicent Mattys,PC
13-0740797,Portugal,48090.78,42040.96,19-03-2020,Books,Kihn Inc,Celine Tumasian,Corene Shirer,PC
34-9966345,Sweden,168530.22,136981.36,16-05-2020,Appliances,West-Cummings,Maxie Marrow,Tarrah Castelletti,PC
91-6738094,Sweden,36785.28,30546.5,31-08-2019,Appliances,Johns and Sons,Maxie Marrow,Anita Woakes,PC
32-9007470,Ireland,126409.18,104692.08,04-10-2020,Smartphones,Dibbert Inc,Glenine Suttaby,Bunnie Tonbridge,PC
68-6382353,Portugal,49990.72,42927.03,04-01-2020,Electronics,"Rowe, Hermiston and Kessler",Celine Tumasian,Smitty Culverhouse,PC
88-5406813,Sweden,36644.05,30491.51,20-11-2020,Clothing,Larkin-Collier,Maxie Marrow,Caro Morfield,PC
42-2765593,Sweden,115226.8,94336.18,15-05-2019,Beauty,Wisoky Inc,Maxie Marrow,Tarrah Castelletti,PC
76-0724533,Finland,154078.75,131336.73,05-09-2020,Books,"Lueilwitz, Kerluke and Lesch",Hube Corey,Wat Bowkley,PC
45-3965395,Bulgaria,80328.16,65836.96,23-09-2020,Games,"Hermiston, Simonis and Wisoky",Charil Alpe,Bernadine Fullagar,PC
46-6126203,Portugal,99832.12,84128.53,15-05-2019,Appliances,Romaguera-Haley,Celine Tumasian,Aurelie Wren,PC
27-7554919,Finland,133057.07,113351.32,03-05-2020,Other,Romaguera-Dietrich,Hube Corey,Wat Bowkley,PC
59-1230573,Ireland,80719.44,64422.19,09-02-2019,Appliances,Johns and Sons,Glenine Suttaby,Bunnie Tonbridge,PC
45-2229786,France,124534.96,107012.89,18-07-2020,Books,"Dickinson, Hyatt and Berge",Othello Bowes,Maighdiln Upcraft,PC
62-7218897,Sweden,67611.54,56191.95,30-10-2019,Clothing,Kihn Inc,Maxie Marrow,Caro Morfield,PC
55-4161787,France,132760.25,105039.91,07-01-2020,Beauty,"Swaniawski, Runolfsson and Green",Othello Bowes,Crysta Halls,PC
56-2537757,France,177802.7,155079.51,18-07-2019,Other,Larkin-Collier,Othello Bowes,Amelina Piscopiello,PC
20-0021649,Bulgaria,98963.03,80367.88,12-10-2020,Accessories,Wyman Group,Charil Alpe,Bernadine Fullagar,PC
93-2627296,Bulgaria,126582.5,103683.73,17-02-2020,Beauty,"Rowe, Hermiston and Kessler",Charil Alpe,Bernadine Fullagar,PC
56-2408571,Portugal,141965.11,119193.91,18-09-2019,Beauty,Friesen and Sons,Celine Tumasian,Hortense Gerring,PC
80-3206606,Ireland,167301.52,147074.77,06-05-2019,Outdoors,"Christiansen, Donnelly and Bechtelar",Glenine Suttaby,Bunnie Tonbridge,PC
48-3190394,France,133985.91,116741.92,15-01-2019,Clothing,Kihn Inc,Othello Bowes,Amelina Piscopiello,PC
38-6130023,France,91540.03,74916.36,09-09-2019,Clothing,Kihn Inc,Othello Bowes,Ora Grennan,PC
38-2969743,UK,146055.05,117822.61,07-10-2019,Clothing,"Hartmann, Hane and Pfannerstill",Jessamine Apark,Winny Agnolo,Tablet
48-8166416,Sweden,113586.11,91641.27,19-02-2019,Outdoors,Labadie and Sons,Maxie Marrow,Tarrah Castelletti,Mobile
33-4102367,Ireland,135662.46,116764.68,02-05-2020,Beauty,Corwin and Sons,Glenine Suttaby,Palm Wetherald,PC
44-5240815,Portugal,113781.45,91104.81,08-10-2019,Books,"Bashirian, Okuneva and Bechtelar",Celine Tumasian,Aurelie Wren,PC
70-9378988,France,111462.88,94130.4,03-09-2020,Outdoors,Romaguera-Dietrich,Othello Bowes,Avrit Chanders,Tablet
84-9385946,UK,34748.75,27475.84,27-09-2020,Smartphones,Wiza and Sons,Jessamine Apark,Genevra Charrisson,Tablet
00-1210718,UK,137306.45,108732.98,04-09-2020,Books,Gislason-Stanton,Jessamine Apark,Winny Agnolo,PC
92-7917751,Portugal,148212.23,123030.97,10-09-2019,Clothing,Corwin and Sons,Celine Tumasian,Brynn Dempster,PC
91-3344544,Portugal,159057.92,139923.25,24-10-2020,Smartphones,Johns and Sons,Celine Tumasian,Brynn Dempster,PC
28-1840061,Sweden,146226.36,117916.94,18-10-2020,Smartphones,"Farrell, Swaniawski and Crist",Maxie Marrow,Alyosha Meah,PC
20-7532198,Portugal,201537.12,166127.05,10-06-2020,Outdoors,Connelly-Mohr,Celine Tumasian,Brynn Dempster,PC
96-7618409,Portugal,242192.19,213104.91,02-07-2019,Accessories,"Schowalter, Lesch and Beahan",Celine Tumasian,Smitty Culverhouse,PC
47-8186791,Luxembourg,172397.66,139986.9,27-01-2019,Clothing,Johns and Sons,Ilsa Kob,Jocelyn Laurentino,PC
61-8262308,Belgium,152370.57,128478.86,20-11-2019,Games,"Swaniawski, Runolfsson and Green",Lambert Norheny,Collin Mackness,PC
39-1945268,Portugal,137419.3,117658.4,15-05-2020,Games,Hane Inc,Celine Tumasian,Smitty Culverhouse,Mobile
70-1769929,France,67594.1,54920.21,26-09-2019,Other,"Rowe, Hermiston and Kessler",Othello Bowes,Amelina Piscopiello,PC
65-0414599,Luxembourg,72002.26,56996.99,17-01-2019,Appliances,McGlynn-Prosacco,Ilsa Kob,Jocelyn Laurentino,PC
44-0517932,France,159926.16,126453.61,12-09-2020,Beauty,McGlynn-Prosacco,Othello Bowes,Ora Grennan,Mobile
74-1131921,France,65193.88,53113.45,04-10-2019,Beauty,Friesen and Sons,Othello Bowes,Maighdiln Upcraft,PC
74-8625042,Portugal,105374.44,89779.02,18-02-2020,Electronics,Stehr LLC,Celine Tumasian,Brynn Dempster,PC
36-0185776,UK,83097.4,68148.18,22-03-2019,Clothing,Corwin and Sons,Jessamine Apark,Jay Morefield,Tablet
98-4157323,Sweden,139682.07,113212.32,18-01-2020,Games,Tromp LLC,Maxie Marrow,Anita Woakes,PC
36-8783637,France,81095.39,64316.75,08-09-2020,Games,"Murray, Reichel and Nolan",Othello Bowes,Avrit Chanders,PC
34-0286364,Bulgaria,91108.56,74089.48,24-06-2020,Appliances,Stehr LLC,Charil Alpe,Shermy McGready,PC
82-0533747,Luxembourg,47182.43,40576.89,21-02-2020,Smartphones,Kirlin and Sons,Ilsa Kob,Jocelyn Laurentino,PC
59-9184649,Finland,161984.91,138237.92,08-06-2020,Appliances,Romaguera-Dietrich,Hube Corey,Mellicent Mattys,PC
03-3136289,Sweden,116548.17,92119.67,05-05-2020,Clothing,Johns and Sons,Maxie Marrow,Anita Woakes,PC
79-6676714,Portugal,138764.6,111414.1,10-05-2020,Appliances,Johns and Sons,Celine Tumasian,Brynn Dempster,PC
82-1082124,France,148405.47,128845.63,27-10-2019,Electronics,Johns and Sons,Othello Bowes,Amelina Piscopiello,PC
79-1331359,Netherlands,138249.77,120277.3,09-08-2019,Games,Hessel-Stiedemann,Denice Amberg,Nero Harbisher,PC
84-7042200,Portugal,115718.87,100640.7,24-04-2019,Electronics,Hilll-Vandervort,Celine Tumasian,Aurelie Wren,PC
42-5303223,Portugal,194326.7,169005.93,07-07-2019,Books,Johns and Sons,Celine Tumasian,Hortense Gerring,Mobile
04-6732680,France,38648.72,32368.3,04-12-2020,Beauty,"Leffler, Prohaska and Streich",Othello Bowes,Crysta Halls,Tablet
84-9167618,Sweden,58010.14,46089.06,11-09-2019,Appliances,"Bashirian, Okuneva and Bechtelar",Maxie Marrow,Tarrah Castelletti,PC
47-5319780,France,82697.53,69548.62,12-08-2020,Games,Kihn Inc,Othello Bowes,Avrit Chanders,PC
20-1013432,Sweden,68086.96,58759.05,26-11-2019,Electronics,Stamm-Zulauf,Maxie Marrow,Tarrah Castelletti,PC
87-5540520,Bulgaria,111106.06,93195.76,11-11-2020,Games,"Hermiston, Simonis and Wisoky",Charil Alpe,Bernadine Fullagar,PC
59-3526945,Portugal,227830.33,182173.13,10-06-2020,Books,O'Connell-Mitchell,Celine Tumasian,Aurelie Wren,PC
33-4706706,France,87355.7,74584.3,03-02-2019,Smartphones,Smith Group,Othello Bowes,Crysta Halls,PC
51-9052860,France,164267.72,139069.05,08-10-2020,Appliances,Hilll-Vandervort,Othello Bowes,Crysta Halls,PC
99-9021526,UK,92179.76,74794.66,25-07-2020,Beauty,"Dickinson, Hyatt and Berge",Jessamine Apark,Jay Morefield,Tablet
87-0122224,Sweden,124093.76,105231.51,15-10-2019,Electronics,Armstrong-Little,Maxie Marrow,Anita Woakes,PC
88-1711226,UK,66391.58,52635.24,04-12-2019,Clothing,Friesen and Sons,Jessamine Apark,Winny Agnolo,Mobile
59-5711012,France,197471.1,162577.96,28-06-2019,Appliances,Johns and Sons,Othello Bowes,Crysta Halls,PC
65-0792739,UK,122627.2,100284.52,12-05-2019,Clothing,Wiza and Sons,Jessamine Apark,Winny Agnolo,PC
75-7245546,UK,159052.7,127926.09,01-06-2019,Games,Stamm Inc,Jessamine Apark,Genevra Charrisson,PC
05-0243828,Portugal,85515.6,67959.25,13-10-2019,Games,Larkin-Collier,Celine Tumasian,Brynn Dempster,PC
14-9919657,Portugal,42847.46,34757.86,22-10-2020,Accessories,Morissette Group,Celine Tumasian,Aurelie Wren,PC
47-9191500,France,125499.82,100977.16,08-04-2019,Beauty,"Spencer, Rogahn and Muller",Othello Bowes,Ora Grennan,PC
51-3543971,Finland,222379.49,192869.73,10-07-2019,Beauty,Labadie and Sons,Hube Corey,Mellicent Mattys,Mobile
14-4225824,Portugal,85390.17,74400.46,25-01-2019,Electronics,Stamm-Zulauf,Celine Tumasian,Brynn Dempster,PC
88-1349718,Portugal,97514.7,80790.93,12-02-2020,Appliances,Tillman and Sons,Celine Tumasian,Hortense Gerring,PC
62-5120016,UK,87321.89,69254.99,17-01-2019,Electronics,Tillman and Sons,Jessamine Apark,Winny Agnolo,Mobile
19-4538571,Sweden,205059.8,173029.46,23-06-2020,Electronics,Stehr-Bogan,Maxie Marrow,Caro Morfield,PC
01-1212783,Portugal,105833.52,85312.4,20-03-2019,Smartphones,McGlynn-Prosacco,Celine Tumasian,Corene Shirer,PC
58-8728288,France,40043.11,35109.8,07-09-2020,Appliances,Romaguera-Haley,Othello Bowes,Ora Grennan,PC
95-2190016,Portugal,57859.08,47756.88,08-12-2019,Books,Hessel-Stiedemann,Celine Tumasian,Aurelie Wren,Mobile
95-4388709,France,132235.46,114132.43,01-06-2020,Books,"Zieme, Bailey and Herzog",Othello Bowes,Ora Grennan,PC
57-8678621,UK,33724.53,26770.53,30-01-2020,Beauty,Gorczany-Lehner,Jessamine Apark,Winny Agnolo,Mobile
22-4278602,Ireland,36070.76,29339.96,17-05-2019,Other,Friesen-Rath,Glenine Suttaby,Bunnie Tonbridge,Mobile
98-3280428,Sweden,39457.34,32793,20-10-2020,Beauty,Morissette Group,Maxie Marrow,Anita Woakes,PC
61-4366487,Italy,38536.92,32001.06,28-05-2020,Books,"Spencer, Rogahn and Muller",Piggy Roscrigg,Joshua Prevost,Mobile
55-2128150,France,173829.96,149824.04,23-09-2019,Beauty,Dibbert Inc,Othello Bowes,Amelina Piscopiello,PC
60-0610487,Portugal,37521.39,29701.93,18-01-2020,Beauty,Friesen-Rath,Celine Tumasian,Hortense Gerring,PC
02-9253490,Portugal,119409.43,102656.29,25-06-2019,Electronics,"Spencer, Rogahn and Muller",Celine Tumasian,Hortense Gerring,PC
65-2343846,Denmark,248261.86,206727.65,22-12-2019,Smartphones,Gleichner-Green,Modestia Byfford,Case Desorts,PC
20-0499139,UK,96669.92,76475.57,27-12-2020,Appliances,Johns and Sons,Jessamine Apark,Winny Agnolo,Mobile
32-3994860,France,264149.91,208757.67,20-12-2020,Smartphones,"Schmitt, Purdy and Johnson",Othello Bowes,Avrit Chanders,PC
72-7973717,Portugal,216863.04,175355.45,24-07-2019,Beauty,"Dickinson, Hyatt and Berge",Celine Tumasian,Corene Shirer,Tablet
77-0650807,France,140943.88,120633.87,28-05-2020,Appliances,Armstrong-Little,Othello Bowes,Avrit Chanders,Tablet
34-5150360,Luxembourg,82525.61,68446.74,01-03-2019,Clothing,Johns and Sons,Ilsa Kob,Jocelyn Laurentino,PC
73-4726386,Portugal,19622.59,17148.18,06-03-2020,Clothing,"Fisher, Morar and Skiles",Celine Tumasian,Aurelie Wren,PC
78-6165949,Sweden,263713.12,216165.64,30-06-2020,Electronics,"Schmitt, Purdy and Johnson",Maxie Marrow,Tarrah Castelletti,PC
74-0191565,Portugal,284298.56,229656.38,03-07-2020,Clothing,Stehr LLC,Celine Tumasian,Corene Shirer,PC
02-3364199,Sweden,98320.37,77722.25,23-08-2020,Games,Konopelski LLC,Maxie Marrow,Tarrah Castelletti,Tablet
39-8642490,UK,128112.26,104975.19,09-12-2020,Books,Hessel-Stiedemann,Jessamine Apark,Jay Morefield,PC
50-8357453,France,110878.97,90588.12,06-02-2020,Appliances,Konopelski LLC,Othello Bowes,Amelina Piscopiello,PC
68-6900528,Sweden,66225.71,52437.52,05-09-2020,Books,Larkin-Collier,Maxie Marrow,Alyosha Meah,PC
92-5154775,UK,73727.91,64047.44,11-10-2020,Books,Romaguera-Haley,Jessamine Apark,Winny Agnolo,PC
60-7777080,Denmark,22164.96,17938.1,14-03-2019,Books,Wyman Group,Modestia Byfford,Case Desorts,PC
54-1473475,France,151855.04,129486.79,16-01-2019,Electronics,Considine-Fisher,Othello Bowes,Amelina Piscopiello,PC
51-4531731,Finland,106115.85,93063.6,15-02-2020,Electronics,Johns and Sons,Hube Corey,Mellicent Mattys,Tablet
20-6735303,France,89369,72889.36,02-01-2020,Smartphones,"Swaniawski, Runolfsson and Green",Othello Bowes,Ora Grennan,PC
97-5858605,Sweden,106076.67,84765.87,10-10-2019,Electronics,Romaguera-Haley,Maxie Marrow,Madelon Bront,Mobile
02-2183787,Netherlands,23290.84,19147.4,25-02-2019,Electronics,Konopelski LLC,Denice Amberg,Nero Harbisher,PC
65-5818172,France,83340.04,73264.23,18-05-2020,Clothing,Johns and Sons,Othello Bowes,Amelina Piscopiello,PC
03-8586261,Denmark,39287.29,31708.77,15-03-2019,Games,Tillman and Sons,Modestia Byfford,Cobby Andersen,PC
86-0928074,Bulgaria,124611.61,107776.58,19-09-2020,Electronics,Wiza and Sons,Charil Alpe,Shermy McGready,PC
77-1100434,France,147055.1,126114.45,15-04-2019,Games,Friesen-Rath,Othello Bowes,Crysta Halls,PC
70-7426559,Ireland,130242.41,113050.41,30-12-2020,Smartphones,Johns and Sons,Glenine Suttaby,Palm Wetherald,PC
45-5963143,France,34771.79,28509.39,19-03-2020,Smartphones,"Rowe, Hermiston and Kessler",Othello Bowes,Maighdiln Upcraft,PC
94-3590580,Portugal,201573.23,166116.5,05-12-2019,Games,Schuster Inc,Celine Tumasian,Corene Shirer,Mobile
52-5981325,Sweden,71119.23,59220.98,09-03-2019,Books,Johns and Sons,Maxie Marrow,Alyosha Meah,PC
74-7472724,Portugal,115538.34,99686.48,28-01-2020,Games,Larkin-Collier,Celine Tumasian,Smitty Culverhouse,PC
03-3965480,Portugal,144237.38,116111.09,05-11-2020,Books,Johns and Sons,Celine Tumasian,Hortense Gerring,PC
64-4188827,UK,91561.49,78266.76,25-03-2019,Books,Armstrong-Little,Jessamine Apark,Winny Agnolo,PC
66-5572109,Sweden,233858.47,185543.31,02-06-2020,Beauty,Romaguera-Dietrich,Maxie Marrow,Alyosha Meah,PC
44-2994974,UK,256388.08,212058.58,05-12-2019,Appliances,Tromp LLC,Jessamine Apark,Jay Morefield,Mobile
30-7981953,UK,125099.05,108473.39,05-03-2020,Books,Dibbert Inc,Jessamine Apark,Genevra Charrisson,PC
82-9740062,UK,121246.32,104005.09,30-05-2020,Books,Altenwerth-Konopelski,Jessamine Apark,Winny Agnolo,PC
28-7069317,Finland,28538.19,24970.92,27-05-2019,Games,Hilll-Vandervort,Hube Corey,Wat Bowkley,PC
65-0441590,France,89930.18,78005.44,26-03-2020,Other,Hessel-Stiedemann,Othello Bowes,Maighdiln Upcraft,PC
60-1991659,Sweden,170457.8,142809.54,14-08-2020,Accessories,"Shanahan, Schaden and Parker",Maxie Marrow,Anita Woakes,PC
15-2948501,UK,166380.74,146049.01,23-06-2020,Smartphones,Labadie and Sons,Jessamine Apark,Genevra Charrisson,PC
02-6830973,France,116328.75,93365.45,27-09-2019,Appliances,"Schowalter, Lesch and Beahan",Othello Bowes,Crysta Halls,PC
70-0112393,Germany,230765.62,195435.4,18-07-2019,Beauty,Johns and Sons,Rickard Doogood,Casie MacBain,PC
04-6161825,Portugal,152442.32,122258.74,06-10-2020,Electronics,Johns and Sons,Celine Tumasian,Aurelie Wren,PC
57-4142025,Sweden,325331.99,264592.51,23-12-2019,Games,Altenwerth-Konopelski,Maxie Marrow,Caro Morfield,Mobile
84-9254695,UK,56768.43,47384.61,22-04-2019,Games,Kihn Inc,Jessamine Apark,Winny Agnolo,PC
17-1884075,Portugal,147895.45,120416.48,01-07-2019,Clothing,Wisoky Inc,Celine Tumasian,Hortense Gerring,Mobile
49-6263811,Ireland,57107.26,48232.79,13-02-2020,Outdoors,Altenwerth-Konopelski,Glenine Suttaby,Bunnie Tonbridge,Mobile
78-6287811,France,85337.78,72306.7,04-02-2020,Appliances,"Lubowitz, McLaughlin and Erdman",Othello Bowes,Crysta Halls,Mobile
75-1807214,France,162199.24,130878.57,22-06-2020,Appliances,West-Cummings,Othello Bowes,Avrit Chanders,PC
72-1300449,Sweden,128208.95,111746.92,31-07-2020,Appliances,Dibbert Inc,Maxie Marrow,Alyosha Meah,PC
22-4332301,Germany,86669.23,71580.12,18-03-2020,Appliances,Hessel-Stiedemann,Rickard Doogood,Casie MacBain,PC
42-2477150,Ireland,117288.29,94546.09,04-07-2019,Clothing,Johns and Sons,Glenine Suttaby,Palm Wetherald,PC
18-5234470,France,57292.84,45908.75,03-10-2019,Electronics,"Zieme, Bailey and Herzog",Othello Bowes,Ora Grennan,PC
74-4541594,Portugal,110441.89,90970.98,04-01-2020,Beauty,"Heaney, Gulgowski and Kshlerin",Celine Tumasian,Hortense Gerring,Tablet
16-6855831,UK,53801.73,46785.98,28-09-2019,Games,Johns and Sons,Jessamine Apark,Jay Morefield,PC
46-5327740,UK,308763.51,245714,04-12-2020,Outdoors,Kihn Inc,Jessamine Apark,Winny Agnolo,PC
06-4416964,Portugal,87409.49,70548.2,29-11-2020,Games,Hessel-Stiedemann,Celine Tumasian,Brynn Dempster,PC
46-6076582,Denmark,31936.44,27708.06,17-09-2020,Books,"Hartmann, Hane and Pfannerstill",Modestia Byfford,Cobby Andersen,PC
38-1449694,Sweden,45463.65,36907.39,29-08-2020,Clothing,Schuster Inc,Maxie Marrow,Alyosha Meah,PC
39-3557596,Sweden,112909.4,93940.62,25-04-2019,Clothing,Johns and Sons,Maxie Marrow,Madelon Bront,PC
26-9990483,Portugal,126346.44,103970.49,08-04-2019,Smartphones,Johns and Sons,Celine Tumasian,Corene Shirer,PC
31-7075495,Portugal,109713.84,95769.21,07-05-2020,Smartphones,"Bashirian, Okuneva and Bechtelar",Celine Tumasian,Aurelie Wren,PC
98-5774102,Netherlands,200472.46,170181.07,19-06-2020,Electronics,Wiza and Sons,Denice Amberg,Nero Harbisher,PC
46-5580805,France,35214.85,27985.24,13-03-2019,Electronics,"Lueilwitz, Kerluke and Lesch",Othello Bowes,Ora Grennan,PC
39-6568658,Ireland,161630.62,133991.78,04-04-2019,Appliances,Friesen-Rath,Glenine Suttaby,Palm Wetherald,PC
85-1464621,Portugal,179184.12,142433.46,08-05-2020,Appliances,"Hamill, Kulas and Roob",Celine Tumasian,Brynn Dempster,PC
86-6763776,Sweden,80867.18,63982.11,12-02-2019,Books,Dibbert Inc,Maxie Marrow,Anita Woakes,PC
03-7559332,France,96613.06,79242.03,24-04-2019,Books,Johns and Sons,Othello Bowes,Ora Grennan,PC
36-7939842,Portugal,89600.45,70811.24,21-01-2020,Games,Wisoky Inc,Celine Tumasian,Smitty Culverhouse,PC
38-7603760,Portugal,41921.61,34773.98,28-11-2020,Games,Gislason-Stanton,Celine Tumasian,Hortense Gerring,Tablet
11-5630090,UK,151012.12,126080.02,25-08-2020,Accessories,Johns and Sons,Jessamine Apark,Jay Morefield,PC
97-6414953,Portugal,112481.44,96700.29,11-04-2020,Electronics,"Dickinson, Hyatt and Berge",Celine Tumasian,Hortense Gerring,Mobile
64-9816105,France,90228.68,77966.6,27-01-2019,Electronics,Wiza and Sons,Othello Bowes,Avrit Chanders,PC
59-0893568,UK,141552.4,122994.88,17-09-2019,Beauty,"Dickinson, Hyatt and Berge",Jessamine Apark,Winny Agnolo,PC
18-0945763,UK,29783.39,23719.49,27-11-2019,Books,"Schmitt, Purdy and Johnson",Jessamine Apark,Winny Agnolo,PC
26-1771681,Sweden,149938.71,131541.23,24-12-2020,Books,Walter LLC,Maxie Marrow,Madelon Bront,PC
57-6427586,Sweden,103839.74,90683.24,23-08-2020,Books,Schoen-Keeling,Maxie Marrow,Tarrah Castelletti,PC
73-3910940,Portugal,30550.32,25457.58,31-05-2019,Beauty,"Farrell, Swaniawski and Crist",Celine Tumasian,Smitty Culverhouse,Mobile
34-8728117,Sweden,24787.65,20454.77,12-02-2019,Other,"Lueilwitz, Kerluke and Lesch",Maxie Marrow,Caro Morfield,PC
53-7680732,France,122468.33,103032.61,08-09-2020,Electronics,Johns and Sons,Othello Bowes,Avrit Chanders,Mobile
86-6380587,Sweden,137026.71,120117.61,26-08-2020,Smartphones,McGlynn-Bergstrom,Maxie Marrow,Anita Woakes,PC
95-1862126,Finland,132246.48,106841.93,02-01-2019,Games,Friesen-Rath,Hube Corey,Mellicent Mattys,PC
41-6241712,Portugal,111551.96,89420.05,06-01-2020,Clothing,Wunsch LLC,Celine Tumasian,Aurelie Wren,PC
32-3418936,France,127946.33,111850.68,09-09-2019,Beauty,"Hamill, Kulas and Roob",Othello Bowes,Crysta Halls,PC
10-1511807,Sweden,78679.6,62416.53,12-10-2019,Games,Stehr LLC,Maxie Marrow,Tarrah Castelletti,PC
66-6360568,UK,86071.63,71198.45,13-11-2019,Electronics,Gislason-Stanton,Jessamine Apark,Genevra Charrisson,Tablet
63-4386955,Portugal,134120.38,105981.92,30-04-2020,Games,McGlynn-Bergstrom,Celine Tumasian,Brynn Dempster,PC
77-3226391,Spain,77855.47,63545.63,13-08-2019,Outdoors,Goldner-Dibbert,Emalia Dinse,Bertha Walbrook,PC
74-9554997,UK,176080.36,153401.21,13-11-2019,Beauty,Tillman and Sons,Jessamine Apark,Jay Morefield,PC
37-0756560,Portugal,159514.03,138872.91,23-09-2020,Clothing,Hessel-Stiedemann,Celine Tumasian,Aurelie Wren,PC
19-9649739,France,238850.25,199607.15,30-06-2019,Appliances,"Rowe, Hermiston and Kessler",Othello Bowes,Ora Grennan,PC
91-4735064,Sweden,240940.97,195138.09,27-12-2019,Accessories,Wunsch LLC,Maxie Marrow,Tarrah Castelletti,PC
82-1337530,Denmark,109892.92,89441.85,06-05-2020,Books,"Lubowitz, McLaughlin and Erdman",Modestia Byfford,Cobby Andersen,PC
39-3209780,Germany,86704.08,75380.53,05-10-2020,Books,Tillman and Sons,Rickard Doogood,Casie MacBain,PC
18-0483044,Ireland,292124.64,245822.88,09-12-2019,Beauty,"Christiansen, Donnelly and Bechtelar",Glenine Suttaby,Palm Wetherald,PC
70-0044622,Bulgaria,122998.65,97476.43,28-01-2020,Games,Armstrong-Little,Charil Alpe,Bernadine Fullagar,PC
43-1236055,Sweden,50646.66,43039.53,01-04-2020,Clothing,Johns and Sons,Maxie Marrow,Madelon Bront,PC
25-6133000,Sweden,89639.28,77788.97,25-01-2019,Clothing,Altenwerth-Konopelski,Maxie Marrow,Madelon Bront,PC
78-7666796,Spain,107359.01,90868.67,29-10-2019,Electronics,Kirlin and Sons,Emalia Dinse,Perri Aldersley,PC
45-1867999,Luxembourg,148359.68,118480.04,23-07-2020,Games,"Dickinson, Hyatt and Berge",Ilsa Kob,Jocelyn Laurentino,PC
97-5797169,Finland,177464.83,142717.22,25-01-2020,Outdoors,Gislason-Stanton,Hube Corey,Mellicent Mattys,PC
31-6585710,Portugal,168757.23,136895.86,24-08-2020,Appliances,Labadie and Sons,Celine Tumasian,Aurelie Wren,PC
84-0460695,France,19814.86,16787.15,20-03-2020,Appliances,"Murray, Reichel and Nolan",Othello Bowes,Avrit Chanders,PC
20-4568650,Belgium,46311.34,40564.1,01-03-2020,Accessories,"Heaney, Gulgowski and Kshlerin",Lambert Norheny,Collin Mackness,PC
29-9208067,France,144927.17,122260.56,07-09-2020,Appliances,Romaguera-Dietrich,Othello Bowes,Crysta Halls,PC
21-2357660,Netherlands,203231.73,163052.82,23-12-2019,Books,Schuster Inc,Denice Amberg,Nero Harbisher,PC
16-3842379,Portugal,40467.85,34656.67,28-02-2020,Smartphones,"Swaniawski, Runolfsson and Green",Celine Tumasian,Corene Shirer,Tablet
58-5376153,Sweden,85156.7,69479.35,19-05-2020,Beauty,"Lubowitz, McLaughlin and Erdman",Maxie Marrow,Caro Morfield,PC
04-1808253,Portugal,66146.57,56145.21,07-04-2020,Electronics,Hessel-Stiedemann,Celine Tumasian,Brynn Dempster,PC
44-9036885,Bulgaria,230669.37,182321.07,05-06-2019,Books,Altenwerth-Konopelski,Charil Alpe,Bernadine Fullagar,PC
35-0548738,UK,59043.39,48876.12,27-10-2020,Smartphones,"Murray, Reichel and Nolan",Jessamine Apark,Genevra Charrisson,PC
64-0103144,Ireland,99887.86,84045.65,10-03-2020,Electronics,Friesen-Rath,Glenine Suttaby,Bunnie Tonbridge,PC
48-7080069,Netherlands,214983.15,180413.86,11-06-2019,Beauty,McClure Inc,Denice Amberg,Nero Harbisher,Tablet
05-2772504,Portugal,52209.31,41480.3,26-03-2019,Beauty,McClure Inc,Celine Tumasian,Corene Shirer,PC
42-2439801,Sweden,83782.11,67310.55,10-02-2019,Electronics,"Christiansen, Donnelly and Bechtelar",Maxie Marrow,Madelon Bront,PC
82-8353642,Portugal,166367.16,135788.88,02-11-2020,Beauty,Wisoky Inc,Celine Tumasian,Smitty Culverhouse,PC
16-5450021,UK,167615.14,135567.12,30-12-2020,Smartphones,Johns and Sons,Jessamine Apark,Winny Agnolo,PC
80-1021367,Sweden,118030.7,97304.51,04-09-2019,Electronics,"Dickinson, Hyatt and Berge",Maxie Marrow,Madelon Bront,PC
03-3076058,Netherlands,102073.04,81770.71,02-03-2020,Outdoors,"Farrell, Swaniawski and Crist",Denice Amberg,Nero Harbisher,Mobile
92-4440351,Finland,99989.89,81191.79,15-11-2019,Appliances,Corwin and Sons,Hube Corey,Wat Bowkley,PC
15-3268783,Sweden,79407.28,64383.42,21-07-2020,Accessories,"Jacobson, Marvin and Brown",Maxie Marrow,Alyosha Meah,PC
44-7664180,France,184431.48,153059.69,07-12-2019,Books,Johns and Sons,Othello Bowes,Ora Grennan,Mobile
92-7042708,Portugal,144725.34,115056.65,15-01-2019,Smartphones,Wisoky Inc,Celine Tumasian,Aurelie Wren,PC
21-8595718,UK,21921.66,18802.21,05-03-2020,Smartphones,"Swaniawski, Runolfsson and Green",Jessamine Apark,Jay Morefield,Tablet
06-4611284,Portugal,21341.66,16930.34,28-03-2019,Games,Romaguera-Haley,Celine Tumasian,Smitty Culverhouse,PC
04-4730440,Sweden,84537.2,69405.04,19-01-2020,Games,"Keeling, Monahan and Pollich",Maxie Marrow,Tarrah Castelletti,Mobile
89-7467187,France,40544.43,32666.65,01-08-2020,Books,Johns and Sons,Othello Bowes,Ora Grennan,PC
37-7100862,Finland,178189.57,153421.22,09-08-2019,Games,Johns and Sons,Hube Corey,Mellicent Mattys,PC
20-9472915,France,36276.11,28748.82,23-03-2019,Games,Johns and Sons,Othello Bowes,Ora Grennan,PC
82-8836162,Sweden,36181.81,29698.03,27-10-2020,Appliances,Altenwerth-Konopelski,Maxie Marrow,Madelon Bront,Tablet
38-8230515,UK,66613.31,55462.24,25-09-2019,Electronics,Labadie and Sons,Jessamine Apark,Genevra Charrisson,PC
46-8792953,Ireland,77278.68,62951.21,02-10-2020,Smartphones,Dibbert Inc,Glenine Suttaby,Palm Wetherald,PC
93-0380487,UK,149938.36,123579.2,14-11-2020,Appliances,Johns and Sons,Jessamine Apark,Jay Morefield,PC
44-2650716,Spain,123953.65,101939.48,08-05-2019,Beauty,Wiza and Sons,Emalia Dinse,Perri Aldersley,PC
78-7812852,Sweden,73773.6,58421.31,21-01-2020,Books,Tromp LLC,Maxie Marrow,Caro Morfield,Mobile
11-2653878,Portugal,206869.73,180928.27,20-07-2020,Electronics,"Spencer, Rogahn and Muller",Celine Tumasian,Corene Shirer,PC
74-9856135,France,63690.72,53455.62,27-08-2020,Electronics,Hegmann Group,Othello Bowes,Crysta Halls,Mobile
22-8551804,UK,18897.97,16469.58,16-02-2020,Other,Hessel-Stiedemann,Jessamine Apark,Winny Agnolo,Mobile
76-2368068,Portugal,134807.18,108047.95,29-12-2020,Beauty,"Zieme, Bailey and Herzog",Celine Tumasian,Corene Shirer,PC
83-0606533,UK,47082.67,37882.72,30-06-2020,Games,"Schowalter, Lesch and Beahan",Jessamine Apark,Winny Agnolo,PC
84-1745028,Portugal,41016.31,32985.32,09-05-2019,Beauty,Homenick-Marvin,Celine Tumasian,Corene Shirer,Tablet
63-2957047,Sweden,43243.45,37764.5,16-05-2019,Clothing,Johns and Sons,Maxie Marrow,Alyosha Meah,PC
90-3993986,Sweden,88832.28,71501.1,23-12-2019,Electronics,"Murray, Reichel and Nolan",Maxie Marrow,Tarrah Castelletti,PC
00-1398218,France,173456.4,149866.33,25-09-2019,Books,Johns and Sons,Othello Bowes,Avrit Chanders,Mobile
09-9618844,Spain,90926.92,73050.69,24-03-2020,Smartphones,"Leffler, Prohaska and Streich",Emalia Dinse,Perri Aldersley,PC
96-5143420,Sweden,72757.01,63378.63,05-03-2020,Other,Hessel-Stiedemann,Maxie Marrow,Alyosha Meah,PC
99-0862667,France,60068.71,47688.55,09-05-2020,Other,Friesen-Rath,Othello Bowes,Crysta Halls,PC
79-6118087,France,105522.72,86581.39,16-02-2019,Clothing,Gislason-Stanton,Othello Bowes,Amelina Piscopiello,PC
07-5296371,Luxembourg,61374.06,49099.25,20-02-2020,Games,"Murray, Reichel and Nolan",Ilsa Kob,Jocelyn Laurentino,PC
93-9111830,Portugal,76856.57,65535.6,31-05-2019,Clothing,"Schowalter, Lesch and Beahan",Celine Tumasian,Hortense Gerring,PC
47-0713476,Spain,174262.11,143278.31,05-04-2019,Games,Hessel-Stiedemann,Emalia Dinse,Perri Aldersley,PC
92-2645259,Sweden,151315.26,121173.26,23-05-2019,Beauty,Wiza and Sons,Maxie Marrow,Caro Morfield,PC
93-4118211,Ireland,50495.53,40749.89,31-08-2020,Smartphones,"Heaney, Gulgowski and Kshlerin",Glenine Suttaby,Palm Wetherald,Mobile
90-7039701,UK,36534.09,31138,17-07-2020,Appliances,Wunsch LLC,Jessamine Apark,Winny Agnolo,PC
64-1003834,France,134243.39,113019.51,21-01-2019,Beauty,Kihn Inc,Othello Bowes,Maighdiln Upcraft,PC
24-2679038,France,56068.7,47378.05,06-02-2019,Games,"Dickinson, Hyatt and Berge",Othello Bowes,Ora Grennan,PC
06-4986886,France,31161.76,27300.82,09-05-2020,Beauty,"Hermiston, Simonis and Wisoky",Othello Bowes,Maighdiln Upcraft,Mobile
63-5897834,France,98915.41,85176.06,02-04-2020,Electronics,Schoen-Keeling,Othello Bowes,Ora Grennan,Mobile
45-6860897,Ireland,114232.68,95795.52,23-03-2019,Clothing,Johns and Sons,Glenine Suttaby,Bunnie Tonbridge,Tablet
40-9830607,Luxembourg,71360.36,59750.03,02-01-2019,Electronics,Tillman and Sons,Ilsa Kob,Jocelyn Laurentino,PC
09-8360520,Portugal,87459.79,69967.83,16-11-2020,Beauty,Romaguera-Haley,Celine Tumasian,Brynn Dempster,Mobile
55-6785409,Finland,52388.85,45641.17,31-07-2020,Electronics,Johns and Sons,Hube Corey,Mellicent Mattys,PC
12-4881666,Sweden,178304.35,153573.54,09-12-2020,Electronics,Dibbert Inc,Maxie Marrow,Tarrah Castelletti,PC
86-7866497,UK,80013.81,65587.32,27-01-2020,Electronics,Romaguera-Dietrich,Jessamine Apark,Winny Agnolo,PC
12-2375671,Ireland,88684.7,75337.65,23-01-2020,Other,"Leffler, Prohaska and Streich",Glenine Suttaby,Palm Wetherald,PC
56-6310976,UK,161773.31,138283.83,30-04-2019,Books,Johns and Sons,Jessamine Apark,Jay Morefield,PC
08-4398900,France,108968.67,88395.39,17-10-2019,Books,Johns and Sons,Othello Bowes,Ora Grennan,PC
23-3084772,UK,50374.22,44047.22,07-10-2019,Games,Armstrong-Little,Jessamine Apark,Genevra Charrisson,PC
33-8484080,Sweden,174380.2,151518.96,02-01-2019,Appliances,Larkin-Collier,Maxie Marrow,Tarrah Castelletti,PC
28-0362135,Bulgaria,81482.69,64721.7,09-02-2019,Electronics,Johns and Sons,Charil Alpe,Shermy McGready,PC
53-4511393,France,108158.8,89328.35,09-10-2020,Appliances,Altenwerth-Konopelski,Othello Bowes,Crysta Halls,PC
50-0521963,Portugal,76943.74,62870.73,01-06-2019,Electronics,Johns and Sons,Celine Tumasian,Smitty Culverhouse,PC
75-6127722,Portugal,57345.79,45716.06,09-11-2020,Clothing,Walter LLC,Celine Tumasian,Hortense Gerring,PC
99-3994854,Sweden,71049.09,58842.86,15-08-2019,Outdoors,Corwin and Sons,Maxie Marrow,Madelon Bront,PC
45-5157875,France,79205.19,65423.49,07-05-2019,Games,"Christiansen, Donnelly and Bechtelar",Othello Bowes,Avrit Chanders,Tablet
97-8921759,France,42290.45,34255.26,10-11-2019,Clothing,Walter LLC,Othello Bowes,Avrit Chanders,Tablet
43-6672888,France,110090.36,93433.69,01-02-2019,Clothing,"Leffler, Prohaska and Streich",Othello Bowes,Maighdiln Upcraft,PC
28-6152726,France,121043.69,96750.22,28-09-2020,Books,Hessel-Stiedemann,Othello Bowes,Crysta Halls,PC
26-1201622,Finland,130251.55,105386.53,05-08-2019,Beauty,Johns and Sons,Hube Corey,Mellicent Mattys,PC
18-3315246,France,156110.4,132584.56,22-07-2019,Beauty,Stehr LLC,Othello Bowes,Maighdiln Upcraft,PC
40-9114557,Sweden,122273,104531.19,07-01-2020,Appliances,Romaguera-Haley,Maxie Marrow,Caro Morfield,PC
34-8443139,Portugal,126021.1,101762.04,13-06-2020,Beauty,Johns and Sons,Celine Tumasian,Hortense Gerring,Mobile
79-0393736,Sweden,69565.47,57808.91,23-05-2020,Beauty,Johns and Sons,Maxie Marrow,Anita Woakes,PC
58-2923511,Bulgaria,174271.91,142083.89,20-05-2019,Clothing,Hessel-Stiedemann,Charil Alpe,Shermy McGready,PC
84-1343954,Portugal,61994.02,54250.97,19-02-2019,Books,Friesen-Rath,Celine Tumasian,Corene Shirer,PC
43-9259516,Sweden,207379.28,166442.61,18-12-2019,Accessories,Franecki-White,Maxie Marrow,Anita Woakes,PC
53-0009701,Sweden,153823.74,129258.09,30-11-2020,Electronics,West-Cummings,Maxie Marrow,Anita Woakes,Mobile
50-2002828,Portugal,251003.51,214105.99,30-07-2019,Clothing,Hilll-Vandervort,Celine Tumasian,Hortense Gerring,PC
90-6933957,UK,78013.63,64509.47,04-04-2020,Clothing,"Keeling, Monahan and Pollich",Jessamine Apark,Genevra Charrisson,PC
98-4201877,Finland,204138.34,165617.44,20-06-2019,Clothing,"Hartmann, Hane and Pfannerstill",Hube Corey,Wat Bowkley,Tablet
86-2962836,Ireland,81358.58,68918.85,21-08-2020,Books,Tillman and Sons,Glenine Suttaby,Palm Wetherald,Mobile
76-5324325,Portugal,81458.94,64434.02,14-11-2019,Books,Johns and Sons,Celine Tumasian,Aurelie Wren,PC
36-3226083,Sweden,79313.86,63316.25,01-03-2020,Appliances,"Dickinson, Hyatt and Berge",Maxie Marrow,Madelon Bront,PC
00-8086430,Finland,100978.49,86568.86,09-08-2019,Appliances,Johns and Sons,Hube Corey,Wat Bowkley,PC
98-0946281,Portugal,172444.09,149681.47,05-01-2019,Smartphones,Larkin-Collier,Celine Tumasian,Hortense Gerring,PC
82-4770311,UK,111523.01,98017.57,02-03-2020,Outdoors,Kihn Inc,Jessamine Apark,Winny Agnolo,PC
34-0265266,UK,62947.82,49967.98,16-10-2019,Accessories,"Schowalter, Lesch and Beahan",Jessamine Apark,Genevra Charrisson,PC
47-9858688,France,80294.56,65295.54,04-10-2019,Books,Considine-Fisher,Othello Bowes,Avrit Chanders,PC
24-9178520,France,234961.46,199388.3,02-06-2019,Accessories,"Heaney, Gulgowski and Kshlerin",Othello Bowes,Maighdiln Upcraft,Mobile
17-5553034,France,214615.79,177637.49,30-06-2019,Games,"Bashirian, Okuneva and Bechtelar",Othello Bowes,Amelina Piscopiello,PC
03-5073152,France,173418.59,140746.53,19-05-2019,Electronics,Hessel-Stiedemann,Othello Bowes,Maighdiln Upcraft,PC
19-8109416,France,27400.69,22832.99,18-09-2019,Electronics,Friesen and Sons,Othello Bowes,Maighdiln Upcraft,PC
16-5710075,Portugal,179323.22,150739.1,08-08-2020,Smartphones,Homenick-Marvin,Celine Tumasian,Brynn Dempster,Tablet
78-5541691,Portugal,135211.42,108534.21,12-08-2019,Clothing,Larkin-Collier,Celine Tumasian,Corene Shirer,PC
69-8016438,France,186209.44,148818.58,24-06-2019,Clothing,Friesen-Rath,Othello Bowes,Avrit Chanders,Mobile
43-7205800,Ireland,127591.73,108988.86,30-04-2020,Games,"Swaniawski, Runolfsson and Green",Glenine Suttaby,Palm Wetherald,Mobile
84-2496865,Sweden,53093.47,42533.18,25-10-2020,Clothing,Romaguera-Haley,Maxie Marrow,Anita Woakes,PC
13-4700827,Netherlands,28787.17,24610.15,06-08-2019,Games,McGlynn-Prosacco,Denice Amberg,Nero Harbisher,PC
10-5202864,UK,49930.87,40174.38,21-02-2020,Outdoors,Labadie and Sons,Jessamine Apark,Genevra Charrisson,PC
29-6521179,Portugal,48763.58,39435.11,14-07-2020,Smartphones,Labadie and Sons,Celine Tumasian,Smitty Culverhouse,PC
30-9137723,France,71079.8,56778.54,15-11-2019,Electronics,"Swaniawski, Runolfsson and Green",Othello Bowes,Avrit Chanders,PC
55-4422832,Sweden,43158.94,36244.88,13-05-2019,Electronics,West-Cummings,Maxie Marrow,Anita Woakes,PC
12-1257338,France,117538.82,100719.02,03-07-2019,Beauty,Wisoky Inc,Othello Bowes,Avrit Chanders,PC
66-6777720,Portugal,45725.53,36571.28,07-07-2020,Other,Schoen-Keeling,Celine Tumasian,Aurelie Wren,Mobile
53-3568171,Portugal,77522.57,64227.45,31-07-2019,Outdoors,"Bashirian, Okuneva and Bechtelar",Celine Tumasian,Aurelie Wren,Mobile
77-6124790,Germany,44118.5,38250.74,04-03-2020,Electronics,Romaguera-Dietrich,Rickard Doogood,Casie MacBain,Mobile
09-3668672,UK,242526,212113.24,03-06-2019,Clothing,Hegmann Group,Jessamine Apark,Winny Agnolo,PC
00-5823706,France,140635.94,115194.9,08-12-2020,Smartphones,Johns and Sons,Othello Bowes,Amelina Piscopiello,PC
67-8646070,Portugal,157754.36,132166.6,09-08-2019,Books,"Bashirian, Okuneva and Bechtelar",Celine Tumasian,Aurelie Wren,Mobile
58-1975365,France,88977.22,72534.23,03-10-2020,Books,Franecki-White,Othello Bowes,Ora Grennan,PC
99-7842298,Portugal,74231.25,61604.51,11-11-2019,Beauty,Gislason-Stanton,Celine Tumasian,Brynn Dempster,Mobile
80-8019337,Sweden,131402.37,106383.36,03-10-2019,Beauty,Johns and Sons,Maxie Marrow,Anita Woakes,PC
76-8416893,Sweden,156505.37,128647.41,04-05-2019,Electronics,"Schmitt, Purdy and Johnson",Maxie Marrow,Alyosha Meah,PC
19-3893110,Portugal,139200.81,120172.06,23-08-2019,Games,Johns and Sons,Celine Tumasian,Brynn Dempster,PC
17-3994138,Sweden,121292.94,104384.7,23-03-2019,Beauty,Schoen-Keeling,Maxie Marrow,Tarrah Castelletti,PC
29-8090560,France,84712.13,73004.91,11-07-2020,Books,Altenwerth-Konopelski,Othello Bowes,Ora Grennan,PC
75-5652593,Portugal,172202.38,149816.07,09-04-2019,Appliances,Morissette Group,Celine Tumasian,Hortense Gerring,Tablet
84-5276032,Sweden,108978.79,95432.73,28-11-2019,Games,"Bashirian, Okuneva and Bechtelar",Maxie Marrow,Madelon Bront,PC
01-4729172,Portugal,69871.92,58014.66,06-09-2020,Games,Johns and Sons,Celine Tumasian,Smitty Culverhouse,PC
70-3373325,France,184221.2,150324.5,15-06-2019,Electronics,Hessel-Stiedemann,Othello Bowes,Amelina Piscopiello,PC
73-6329299,France,57348.43,47587.73,12-01-2019,Clothing,Hessel-Stiedemann,Othello Bowes,Crysta Halls,PC
74-6221213,France,197581.29,169485.23,13-12-2019,Electronics,"Christiansen, Donnelly and Bechtelar",Othello Bowes,Ora Grennan,PC
53-1326953,Portugal,101321.52,86710.96,17-02-2019,Games,Dibbert Inc,Celine Tumasian,Brynn Dempster,PC
56-7081196,UK,124234.91,98244.97,19-09-2020,Outdoors,Johns and Sons,Jessamine Apark,Genevra Charrisson,PC
85-9560144,Portugal,254883.03,213413.56,12-12-2019,Appliances,"Dickinson, Hyatt and Berge",Celine Tumasian,Corene Shirer,PC
35-9605742,France,57333.85,46308.55,24-10-2020,Other,Goldner-Dibbert,Othello Bowes,Amelina Piscopiello,PC
30-0037690,Portugal,65760.39,56672.3,09-10-2020,Smartphones,"Schowalter, Lesch and Beahan",Celine Tumasian,Aurelie Wren,PC
75-6038587,Portugal,53485,46713.8,18-02-2020,Clothing,Johns and Sons,Celine Tumasian,Corene Shirer,PC
45-8966277,France,154950.74,133195.66,09-10-2019,Smartphones,Kihn Inc,Othello Bowes,Crysta Halls,Tablet
23-0941629,UK,19949.11,16364.25,25-02-2019,Beauty,Smith Group,Jessamine Apark,Winny Agnolo,Tablet
44-2757396,France,124784.67,106853.11,22-05-2020,Electronics,"Swaniawski, Runolfsson and Green",Othello Bowes,Ora Grennan,Tablet
21-4464304,Luxembourg,120831.28,95746.71,22-05-2020,Outdoors,Stamm-Zulauf,Ilsa Kob,Jocelyn Laurentino,PC
02-8721192,Portugal,127631.89,110963.17,24-11-2019,Clothing,"Schowalter, Lesch and Beahan",Celine Tumasian,Corene Shirer,PC
46-9710750,Luxembourg,68984.17,59560.93,11-01-2019,Beauty,"Schmitt, Purdy and Johnson",Ilsa Kob,Jocelyn Laurentino,PC
26-1781486,France,56823.17,46583.63,21-12-2019,Beauty,"Rowe, Hermiston and Kessler",Othello Bowes,Ora Grennan,Mobile
57-7927520,Portugal,126974.92,101516.45,13-01-2019,Games,Larkin-Collier,Celine Tumasian,Hortense Gerring,PC
95-4271285,Portugal,121736.23,106214.86,06-05-2020,Accessories,"Zieme, Bailey and Herzog",Celine Tumasian,Smitty Culverhouse,PC
66-4296261,France,150287.47,123611.44,05-08-2020,Books,"Fisher, Morar and Skiles",Othello Bowes,Avrit Chanders,PC
24-8477374,Finland,93007.22,81837.05,09-11-2020,Outdoors,McGlynn-Prosacco,Hube Corey,Wat Bowkley,PC
96-1991854,Ireland,165747.2,132912.68,21-01-2020,Books,"Farrell, Swaniawski and Crist",Glenine Suttaby,Bunnie Tonbridge,PC
54-3353166,Sweden,177215.51,155807.88,07-05-2019,Clothing,"Schmitt, Purdy and Johnson",Maxie Marrow,Alyosha Meah,PC
44-6408586,France,99132.04,78819.89,21-03-2020,Smartphones,Kirlin and Sons,Othello Bowes,Avrit Chanders,PC
86-6107692,Germany,180519.86,145968.36,04-07-2019,Games,"Jacobson, Marvin and Brown",Rickard Doogood,Casie MacBain,PC
89-7513050,France,68173.22,54040.91,14-11-2020,Smartphones,Larkin-Collier,Othello Bowes,Amelina Piscopiello,PC
54-2767741,Portugal,97439.36,79773.6,08-08-2019,Games,Labadie and Sons,Celine Tumasian,Brynn Dempster,PC
24-6905998,Sweden,103638.67,84030.23,22-10-2020,Electronics,"Leffler, Prohaska and Streich",Maxie Marrow,Anita Woakes,PC
35-0173281,Sweden,169810.63,145952.24,28-11-2020,Smartphones,"Schowalter, Lesch and Beahan",Maxie Marrow,Caro Morfield,PC
93-5465623,France,75264.84,61694.59,16-09-2020,Clothing,Tillman and Sons,Othello Bowes,Ora Grennan,Mobile
67-2823354,Spain,58933.16,51855.29,20-09-2019,Electronics,"Schowalter, Lesch and Beahan",Emalia Dinse,Bertha Walbrook,Mobile
28-0622425,Portugal,168773.6,137398.59,22-08-2019,Games,Tillman and Sons,Celine Tumasian,Corene Shirer,PC
84-0679518,Portugal,152676.77,122385.7,07-07-2020,Outdoors,"Spencer, Rogahn and Muller",Celine Tumasian,Smitty Culverhouse,PC
95-1195568,Portugal,116556.81,95448.37,24-05-2020,Outdoors,"Hermiston, Simonis and Wisoky",Celine Tumasian,Hortense Gerring,PC
57-2495984,France,310539,248275.93,11-12-2020,Electronics,Johns and Sons,Othello Bowes,Ora Grennan,PC
77-5229094,Portugal,106325.72,92705.4,19-09-2019,Games,Goldner-Dibbert,Celine Tumasian,Aurelie Wren,Mobile
09-3747816,Sweden,90602.07,71630,05-03-2020,Electronics,McGlynn-Bergstrom,Maxie Marrow,Tarrah Castelletti,PC
62-9738356,Spain,120012.56,97762.23,11-05-2020,Games,"Schmitt, Purdy and Johnson",Emalia Dinse,Bertha Walbrook,Mobile
22-6938537,France,143658.22,123158.19,30-10-2020,Appliances,Wisoky Inc,Othello Bowes,Amelina Piscopiello,PC
11-0955383,Portugal,263571.82,216155.25,08-06-2020,Outdoors,"Dickinson, Hyatt and Berge",Celine Tumasian,Aurelie Wren,PC
80-1374023,France,131097.05,109203.84,26-06-2020,Beauty,Larkin-Collier,Othello Bowes,Maighdiln Upcraft,PC
66-7112079,Italy,127830.38,103874.97,21-05-2020,Games,Romaguera-Dietrich,Piggy Roscrigg,Joshua Prevost,PC
31-2600204,Portugal,129353.22,111593.02,18-01-2019,Games,Kihn Inc,Celine Tumasian,Corene Shirer,Mobile
00-7031798,Sweden,176473.32,139413.92,22-06-2019,Games,Wisoky Inc,Maxie Marrow,Anita Woakes,PC
20-1827241,Denmark,43609.57,34634.72,01-03-2020,Appliances,Walter LLC,Modestia Byfford,Cobby Andersen,PC
80-5941460,Portugal,137562.42,112140.88,14-04-2020,Clothing,Dibbert Inc,Celine Tumasian,Hortense Gerring,PC
17-3240628,France,51504.5,44592.6,22-09-2019,Appliances,Dibbert Inc,Othello Bowes,Amelina Piscopiello,PC
22-5929243,France,38750.53,31298.8,01-09-2019,Outdoors,Johns and Sons,Othello Bowes,Amelina Piscopiello,PC
35-7483371,France,111676.46,92791.97,08-06-2019,Beauty,Armstrong-Little,Othello Bowes,Ora Grennan,PC
71-1921602,Sweden,46849.71,39630.17,26-08-2019,Beauty,"Leffler, Prohaska and Streich",Maxie Marrow,Anita Woakes,PC
22-9949979,Sweden,296844.24,244926.18,08-06-2019,Other,Walter LLC,Maxie Marrow,Tarrah Castelletti,PC
06-8466490,Portugal,163492.16,134178.02,12-08-2020,Appliances,"Shanahan, Schaden and Parker",Celine Tumasian,Corene Shirer,PC
34-6603897,France,116206.87,93104.94,15-04-2019,Games,"Keeling, Monahan and Pollich",Othello Bowes,Amelina Piscopiello,PC
92-3462655,France,195214.72,154649.1,26-06-2019,Books,"Keeling, Monahan and Pollich",Othello Bowes,Maighdiln Upcraft,PC
26-9826298,France,168226.52,136818.63,25-01-2020,Smartphones,Altenwerth-Konopelski,Othello Bowes,Avrit Chanders,PC
39-5542863,Sweden,249842.77,218737.35,09-07-2020,Books,Hessel-Stiedemann,Maxie Marrow,Alyosha Meah,PC
18-1809309,Netherlands,105678.39,89720.95,07-05-2020,Games,Hegmann Group,Denice Amberg,Nero Harbisher,Mobile
51-0837613,Portugal,253580.08,212449.39,06-07-2020,Games,Wyman Group,Celine Tumasian,Brynn Dempster,PC
46-0117523,France,56705.66,46986.31,01-02-2019,Outdoors,Johns and Sons,Othello Bowes,Crysta Halls,PC
58-1079558,Sweden,35354.22,30517.76,27-02-2019,Smartphones,"Dickinson, Hyatt and Berge",Maxie Marrow,Caro Morfield,PC
49-9010863,Portugal,25834.34,22450.04,13-03-2020,Electronics,Romaguera-Dietrich,Celine Tumasian,Brynn Dempster,Mobile
58-2028009,Portugal,121928.48,98408.48,19-09-2019,Clothing,Altenwerth-Konopelski,Celine Tumasian,Brynn Dempster,Mobile
03-4045721,France,167935.31,137942.06,18-04-2019,Games,Romaguera-Haley,Othello Bowes,Amelina Piscopiello,PC
80-3039005,Portugal,151151.77,124035.14,30-12-2019,Appliances,"Rowe, Hermiston and Kessler",Celine Tumasian,Aurelie Wren,PC
90-4449856,France,95966.17,75976.42,24-08-2019,Electronics,Littel-Blick,Othello Bowes,Amelina Piscopiello,PC
82-2837449,Portugal,123424.43,98171.79,11-04-2019,Clothing,"Spencer, Rogahn and Muller",Celine Tumasian,Corene Shirer,PC
21-4033151,France,128221.13,102217.88,21-06-2020,Clothing,Johns and Sons,Othello Bowes,Amelina Piscopiello,PC
98-6563368,Portugal,204133.95,167553.15,13-06-2020,Games,"Leffler, Prohaska and Streich",Celine Tumasian,Corene Shirer,PC
21-2589548,Sweden,89376.84,73646.52,17-02-2019,Beauty,Johns and Sons,Maxie Marrow,Alyosha Meah,PC
52-7049356,Sweden,110837.96,92106.34,25-02-2019,Electronics,"Dickinson, Hyatt and Berge",Maxie Marrow,Alyosha Meah,PC
35-1708827,Netherlands,118026.37,99873.91,04-07-2020,Appliances,Hessel-Stiedemann,Denice Amberg,Nero Harbisher,PC
22-1266257,Portugal,177208.76,151779.3,02-01-2019,Appliances,Romaguera-Dietrich,Celine Tumasian,Smitty Culverhouse,Mobile
44-9978904,Sweden,97148.34,77806.11,29-04-2020,Books,Romaguera-Dietrich,Maxie Marrow,Tarrah Castelletti,PC
63-1220717,Spain,144530.35,115407.48,04-08-2020,Other,"Swaniawski, Runolfsson and Green",Emalia Dinse,Manuel Goudie,PC
40-0265810,Sweden,45261.84,37816.27,21-11-2020,Beauty,Tillman and Sons,Maxie Marrow,Madelon Bront,PC
56-6094665,Bulgaria,105277.2,90759.47,21-11-2019,Books,"Spencer, Rogahn and Muller",Charil Alpe,Shermy McGready,PC
75-3776704,Denmark,65822.05,54790.27,11-11-2020,Clothing,"Keeling, Monahan and Pollich",Modestia Byfford,Case Desorts,PC
55-1050582,France,78540.62,63987.04,08-10-2019,Clothing,Considine-Fisher,Othello Bowes,Crysta Halls,PC
78-8602908,Italy,37636.91,30847.21,16-03-2020,Appliances,West-Cummings,Piggy Roscrigg,Joshua Prevost,Mobile
30-3460885,Portugal,138127.81,115240.03,24-05-2020,Appliances,"Hamill, Kulas and Roob",Celine Tumasian,Corene Shirer,PC
59-0348389,Ireland,37892.58,30010.92,21-01-2019,Electronics,Johns and Sons,Glenine Suttaby,Palm Wetherald,PC
91-7447818,Bulgaria,65329.65,53237.13,26-02-2020,Clothing,"Christiansen, Donnelly and Bechtelar",Charil Alpe,Shermy McGready,Mobile
37-6449638,France,167072.72,135044.88,21-10-2019,Clothing,O'Connell-Mitchell,Othello Bowes,Ora Grennan,PC
38-2806168,France,164243.32,134121.1,20-05-2019,Smartphones,Kirlin and Sons,Othello Bowes,Amelina Piscopiello,PC
09-7737652,France,174951.18,142690.18,18-09-2019,Clothing,Tillman and Sons,Othello Bowes,Amelina Piscopiello,Mobile
29-1727395,Portugal,98521.87,84571.17,02-01-2020,Clothing,Johns and Sons,Celine Tumasian,Brynn Dempster,PC
92-4695001,Portugal,69750.57,60731.82,19-03-2019,Games,Johns and Sons,Celine Tumasian,Hortense Gerring,PC
51-2167412,Portugal,129022.02,104585.25,20-06-2020,Electronics,Walter LLC,Celine Tumasian,Corene Shirer,PC
27-7169008,Portugal,41805.53,33352.45,23-03-2019,Appliances,"Abbott, Roberts and Torp",Celine Tumasian,Brynn Dempster,Tablet
96-5231814,Finland,145809.65,123136.25,30-07-2019,Appliances,O'Connell-Mitchell,Hube Corey,Mellicent Mattys,PC
03-2027170,France,29443.71,23958.35,29-10-2020,Appliances,Johns and Sons,Othello Bowes,Ora Grennan,PC
99-9599677,Sweden,138443.23,115101.7,14-06-2019,Clothing,Wyman Group,Maxie Marrow,Alyosha Meah,Mobile
22-0725785,UK,102000.57,87261.49,17-03-2020,Games,Franecki-White,Jessamine Apark,Genevra Charrisson,PC
37-6033123,Portugal,53181.88,42316.82,06-01-2020,Smartphones,"Christiansen, Donnelly and Bechtelar",Celine Tumasian,Hortense Gerring,PC
29-5158368,Portugal,99518.86,81854.26,12-03-2019,Books,"Dickinson, Hyatt and Berge",Celine Tumasian,Corene Shirer,PC
95-4281933,Portugal,79288.03,68536.57,08-07-2019,Clothing,Johns and Sons,Celine Tumasian,Hortense Gerring,PC
61-0532585,France,111557.68,92470.16,15-02-2020,Books,Hessel-Stiedemann,Othello Bowes,Crysta Halls,PC
99-9093075,Netherlands,43008.69,34458.56,19-07-2019,Appliances,Stamm-Zulauf,Denice Amberg,Nero Harbisher,PC
65-2631885,France,154936.24,135739.64,29-06-2020,Books,Friesen-Rath,Othello Bowes,Ora Grennan,PC
03-4651559,Sweden,115339.49,100691.37,03-09-2019,Outdoors,"Farrell, Swaniawski and Crist",Maxie Marrow,Madelon Bront,Mobile
91-6673445,France,65254.5,53919.79,17-06-2019,Games,"Rowe, Hermiston and Kessler",Othello Bowes,Maighdiln Upcraft,PC
62-1501210,Netherlands,50241.47,43443.8,17-10-2020,Books,"Schmitt, Purdy and Johnson",Denice Amberg,Nero Harbisher,Tablet
29-0072186,UK,304337.49,261730.24,04-12-2019,Clothing,Wunsch LLC,Jessamine Apark,Genevra Charrisson,PC
06-5115020,Bulgaria,95960.77,76519.12,11-10-2020,Books,Hessel-Stiedemann,Charil Alpe,Bernadine Fullagar,PC
22-6046651,Sweden,152522.94,122399.66,11-04-2020,Outdoors,Hane Inc,Maxie Marrow,Madelon Bront,PC
71-6499815,Sweden,63196.98,54671.71,18-04-2019,Smartphones,"Spencer, Rogahn and Muller",Maxie Marrow,Caro Morfield,PC
81-1454737,Sweden,83119.87,69604.58,29-01-2019,Clothing,O'Connell-Mitchell,Maxie Marrow,Alyosha Meah,PC
26-0092767,France,75483.45,60077.28,03-12-2019,Appliances,Johns and Sons,Othello Bowes,Ora Grennan,PC
74-6211038,Ireland,65397.28,53920.06,20-03-2020,Outdoors,Baumbach Group,Glenine Suttaby,Bunnie Tonbridge,Mobile
85-5544928,France,48890.14,41180.16,20-05-2019,Clothing,Johns and Sons,Othello Bowes,Ora Grennan,PC
00-6227453,France,80839.75,63936.16,21-05-2020,Games,Goldner-Dibbert,Othello Bowes,Crysta Halls,PC
70-5224180,Ireland,79375.17,64532.01,09-02-2020,Beauty,Hessel-Stiedemann,Glenine Suttaby,Bunnie Tonbridge,Mobile
40-8287610,Bulgaria,158011.3,137390.83,27-11-2019,Beauty,"Jacobson, Marvin and Brown",Charil Alpe,Bernadine Fullagar,PC
49-7876403,Portugal,155766.23,131529,27-05-2020,Games,Romaguera-Haley,Celine Tumasian,Aurelie Wren,PC
01-6107437,France,19366.75,15857.49,28-03-2020,Games,Wisoky Inc,Othello Bowes,Avrit Chanders,PC
13-6163562,France,45481.24,37317.36,25-10-2019,Smartphones,Wiza and Sons,Othello Bowes,Crysta Halls,PC
41-0722740,Sweden,152747.92,130614.75,03-05-2020,Appliances,Armstrong-Little,Maxie Marrow,Anita Woakes,PC
65-4008552,Sweden,255216,211446.46,28-12-2019,Clothing,"Jacobson, Marvin and Brown",Maxie Marrow,Tarrah Castelletti,PC
72-4825752,Portugal,154858,135376.86,22-07-2020,Games,"Dickinson, Hyatt and Berge",Celine Tumasian,Smitty Culverhouse,PC
18-2580592,France,250488.42,214142.55,13-06-2020,Appliances,Goldner-Dibbert,Othello Bowes,Amelina Piscopiello,PC
14-1283254,Sweden,115151.22,91430.07,25-10-2020,Appliances,"Farrell, Swaniawski and Crist",Maxie Marrow,Madelon Bront,PC
79-4826735,Sweden,57347.48,50041.41,12-08-2020,Beauty,Johns and Sons,Maxie Marrow,Madelon Bront,PC
82-2840501,Portugal,74790.02,64992.53,19-06-2020,Beauty,Corwin and Sons,Celine Tumasian,Corene Shirer,PC
19-0320558,France,72749.07,59108.62,20-01-2019,Smartphones,Johns and Sons,Othello Bowes,Amelina Piscopiello,PC
57-0945292,Bulgaria,128235.65,103024.52,20-09-2020,Books,"Dickinson, Hyatt and Berge",Charil Alpe,Shermy McGready,PC
01-6573793,Sweden,79088.7,67415.21,24-05-2020,Beauty,McGlynn-Prosacco,Maxie Marrow,Tarrah Castelletti,PC
63-0694419,UK,124537.47,105881.76,24-09-2019,Clothing,Hilll-Vandervort,Jessamine Apark,Winny Agnolo,PC
24-2442637,Sweden,161192.45,135965.83,04-07-2019,Clothing,Wisoky Inc,Maxie Marrow,Tarrah Castelletti,PC
04-8899739,France,109697.86,89853.52,24-07-2019,Beauty,Considine-Fisher,Othello Bowes,Crysta Halls,PC
48-2932903,France,57276.26,49223.22,04-04-2020,Appliances,Johns and Sons,Othello Bowes,Amelina Piscopiello,PC
66-0265458,Netherlands,149956.93,130087.64,08-10-2020,Games,"Spencer, Rogahn and Muller",Denice Amberg,Nero Harbisher,PC
57-6602854,Italy,127075.41,110924.13,24-09-2019,Clothing,Labadie and Sons,Piggy Roscrigg,Joshua Prevost,PC
47-6702070,Sweden,28755.32,23938.8,10-10-2019,Books,"Murray, Reichel and Nolan",Maxie Marrow,Madelon Bront,PC
99-9215178,Portugal,178027.46,144985.56,04-01-2020,Appliances,Wisoky Inc,Celine Tumasian,Corene Shirer,PC
39-5953116,Bulgaria,152231.86,122303.08,08-05-2019,Smartphones,Smith Group,Charil Alpe,Shermy McGready,PC
71-3278650,Sweden,53957.42,46905.19,25-05-2019,Smartphones,Johns and Sons,Maxie Marrow,Caro Morfield,PC
38-6891011,Portugal,80474.78,66568.74,22-05-2019,Clothing,"Farrell, Swaniawski and Crist",Celine Tumasian,Hortense Gerring,PC
06-5566367,Bulgaria,145439.65,123710.97,03-10-2020,Smartphones,Friesen and Sons,Charil Alpe,Bernadine Fullagar,PC
30-9025281,France,84035.82,71329.6,27-10-2020,Books,Johns and Sons,Othello Bowes,Maighdiln Upcraft,Tablet
80-4161102,Spain,68288.68,56754.72,27-09-2020,Beauty,Johns and Sons,Emalia Dinse,Bertha Walbrook,PC
96-1388247,Sweden,100578.6,83208.68,14-01-2019,Electronics,Labadie and Sons,Maxie Marrow,Caro Morfield,PC
21-2097342,France,94925,77572.71,30-09-2019,Accessories,Schoen-Keeling,Othello Bowes,Avrit Chanders,Mobile
30-4045249,France,105464.41,84761.75,27-08-2019,Books,"Schmitt, Purdy and Johnson",Othello Bowes,Avrit Chanders,PC
31-9806848,France,155827.3,126360.36,30-04-2019,Appliances,Hilll-Vandervort,Othello Bowes,Avrit Chanders,Tablet
09-7835975,Portugal,90994.31,72540.66,09-05-2020,Electronics,"Zieme, Bailey and Herzog",Celine Tumasian,Brynn Dempster,PC
16-9758497,Portugal,32779.67,26800.66,22-03-2020,Outdoors,Kihn Inc,Celine Tumasian,Aurelie Wren,PC
54-1058965,Bulgaria,40187.99,32508.07,22-05-2020,Games,Friesen-Rath,Charil Alpe,Shermy McGready,PC
84-0565956,UK,91842.59,73979.21,29-03-2019,Games,Marquardt-Kuvalis,Jessamine Apark,Genevra Charrisson,PC
85-6263705,Portugal,38494.71,33113.15,04-02-2019,Games,Wisoky Inc,Celine Tumasian,Hortense Gerring,PC
46-4560578,France,86050.61,75569.65,03-09-2020,Clothing,McClure Inc,Othello Bowes,Crysta Halls,PC
08-5093310,Sweden,36749.51,30101.52,15-10-2020,Games,Hilll-Vandervort,Maxie Marrow,Madelon Bront,PC
21-8525376,Finland,194531.02,158970.75,09-07-2019,Clothing,"Farrell, Swaniawski and Crist",Hube Corey,Mellicent Mattys,Tablet
60-0406937,France,106730.16,89503.91,30-07-2020,Beauty,"Farrell, Swaniawski and Crist",Othello Bowes,Ora Grennan,PC
61-4937643,Germany,30177.8,23924.96,06-10-2020,Electronics,"Leffler, Prohaska and Streich",Rickard Doogood,Casie MacBain,Mobile
94-3251589,Portugal,93902.04,80793.31,01-03-2020,Clothing,Tillman and Sons,Celine Tumasian,Aurelie Wren,PC
48-2124998,Germany,250483.63,217269.5,03-07-2020,Accessories,Considine-Fisher,Rickard Doogood,Casie MacBain,Mobile
19-1017922,Sweden,162142.74,136037.76,29-01-2019,Clothing,Kirlin and Sons,Maxie Marrow,Alyosha Meah,PC
51-1141675,Denmark,47516.54,38987.32,09-01-2020,Books,Johns and Sons,Modestia Byfford,Cobby Andersen,PC
94-2134593,Germany,163546.81,133307,07-05-2019,Electronics,"Lueilwitz, Kerluke and Lesch",Rickard Doogood,Casie MacBain,PC
82-0616982,France,35437.89,30412.8,03-02-2020,Clothing,Homenick-Marvin,Othello Bowes,Ora Grennan,PC
22-5761330,Belgium,122889.28,103042.66,27-11-2020,Smartphones,Labadie and Sons,Lambert Norheny,Collin Mackness,PC
62-1694462,Luxembourg,26490.47,21168.53,04-11-2019,Appliances,Hessel-Stiedemann,Ilsa Kob,Jocelyn Laurentino,PC
66-2612057,UK,173722.59,148063.76,09-04-2019,Games,"Schowalter, Lesch and Beahan",Jessamine Apark,Jay Morefield,PC
01-7655863,France,76543.36,65819.64,21-03-2019,Accessories,"Hermiston, Simonis and Wisoky",Othello Bowes,Ora Grennan,PC
06-2196763,Sweden,69626.39,57295.56,15-06-2019,Electronics,"Hamill, Kulas and Roob",Maxie Marrow,Madelon Bront,PC
84-4465649,France,249915.21,215326.95,15-12-2020,Appliances,Armstrong-Little,Othello Bowes,Crysta Halls,PC
63-6767584,Portugal,55790.71,48783.4,08-10-2020,Appliances,Johns and Sons,Celine Tumasian,Corene Shirer,PC
75-7443241,Netherlands,77896.83,62714.74,13-03-2020,Clothing,Dibbert Inc,Denice Amberg,Nero Harbisher,PC
34-8182639,Portugal,104391.93,86770.57,04-01-2020,Beauty,"Murray, Reichel and Nolan",Celine Tumasian,Brynn Dempster,PC
53-3803984,Portugal,57115.99,48976.96,27-03-2019,Books,"Lind, Mueller and Stoltenberg",Celine Tumasian,Aurelie Wren,Mobile
68-0176456,France,74685.85,59166.13,23-05-2020,Games,"Lubowitz, McLaughlin and Erdman",Othello Bowes,Avrit Chanders,PC
63-7370049,France,74103.82,64811.2,02-01-2020,Appliances,Johns and Sons,Othello Bowes,Ora Grennan,PC
03-3461826,France,176190.16,142273.55,02-09-2019,Appliances,Johns and Sons,Othello Bowes,Maighdiln Upcraft,PC
76-5888381,Sweden,185778.3,154734.75,25-06-2020,Electronics,"Jacobson, Marvin and Brown",Maxie Marrow,Tarrah Castelletti,PC
43-7357498,France,212521.26,172014.71,20-06-2019,Books,Johns and Sons,Othello Bowes,Crysta Halls,PC
88-8981595,France,40148.49,31954.18,02-02-2019,Electronics,Hane Inc,Othello Bowes,Amelina Piscopiello,PC
95-6123269,Portugal,157942.65,136620.39,23-06-2020,Electronics,Hessel-Stiedemann,Celine Tumasian,Brynn Dempster,PC
60-6986682,Netherlands,172453.1,145688.38,24-06-2020,Outdoors,Kirlin and Sons,Denice Amberg,Nero Harbisher,PC
29-5478106,France,203604.46,175344.16,26-06-2019,Electronics,Kirlin and Sons,Othello Bowes,Crysta Halls,Mobile
49-2256360,Sweden,251587.2,201848.41,14-06-2019,Smartphones,"Schowalter, Lesch and Beahan",Maxie Marrow,Alyosha Meah,Mobile
59-2480731,Sweden,19930.04,16543.93,09-03-2019,Smartphones,Johns and Sons,Maxie Marrow,Anita Woakes,Tablet
63-6848448,Bulgaria,149372.32,130611.16,20-12-2020,Electronics,"Abbott, Roberts and Torp",Charil Alpe,Shermy McGready,Mobile
14-5110197,Sweden,25907.52,22454.05,19-02-2019,Books,"Farrell, Swaniawski and Crist",Maxie Marrow,Alyosha Meah,PC
42-2646312,Portugal,64762.89,54238.92,06-02-2019,Electronics,Schoen-Keeling,Celine Tumasian,Hortense Gerring,PC
60-8083173,Finland,65211.07,56883.62,28-10-2020,Games,Hilll-Vandervort,Hube Corey,Mellicent Mattys,PC
76-1827989,Spain,42475.6,35802.68,13-02-2019,Books,Johns and Sons,Emalia Dinse,Perri Aldersley,PC
36-4321653,Portugal,172340.86,136562.9,09-04-2020,Beauty,Tromp LLC,Celine Tumasian,Hortense Gerring,PC
18-7046062,Ireland,165709.19,138102.04,09-10-2020,Smartphones,Considine-Fisher,Glenine Suttaby,Bunnie Tonbridge,PC
73-4380400,Italy,118409.59,96030.18,06-10-2020,Games,"Bashirian, Okuneva and Bechtelar",Piggy Roscrigg,Joshua Prevost,PC
47-5051773,France,58416.11,48076.46,16-05-2020,Appliances,Stehr LLC,Othello Bowes,Maighdiln Upcraft,PC
92-3687989,France,78629.19,63359.4,21-02-2019,Appliances,Johns and Sons,Othello Bowes,Amelina Piscopiello,Mobile
60-9753536,Sweden,64842.92,56439.28,29-09-2019,Appliances,Larkin-Collier,Maxie Marrow,Alyosha Meah,Mobile
39-5658730,Belgium,76183.74,61617.41,03-06-2019,Clothing,"Hermiston, Simonis and Wisoky",Lambert Norheny,Collin Mackness,Mobile
73-8632957,Sweden,131839.16,115372.45,27-04-2020,Books,McGlynn-Prosacco,Maxie Marrow,Madelon Bront,PC
16-0987104,Portugal,147092.62,117806.48,31-10-2020,Clothing,"Fisher, Morar and Skiles",Celine Tumasian,Hortense Gerring,PC
76-0164425,Finland,62011.86,49324.23,17-01-2019,Beauty,Johns and Sons,Hube Corey,Mellicent Mattys,Tablet
87-7908481,Portugal,56763.04,47663.92,11-08-2019,Smartphones,Kirlin and Sons,Celine Tumasian,Aurelie Wren,Mobile
30-7149594,Portugal,78057.96,67161.07,29-11-2020,Beauty,"Swaniawski, Runolfsson and Green",Celine Tumasian,Hortense Gerring,Tablet
75-7848944,UK,96358.45,80700.2,12-06-2019,Outdoors,Stamm-Zulauf,Jessamine Apark,Genevra Charrisson,PC
72-2796883,France,40535.64,35480.85,13-01-2019,Electronics,Kihn Inc,Othello Bowes,Crysta Halls,PC
32-3124563,France,96795.99,81395.75,21-06-2019,Appliances,Connelly-Mohr,Othello Bowes,Avrit Chanders,PC
83-7592334,Portugal,122035.93,97897.22,21-06-2020,Accessories,Larkin-Collier,Celine Tumasian,Aurelie Wren,PC
61-3721294,Sweden,89502.53,72488.1,31-10-2020,Clothing,Gleichner-Green,Maxie Marrow,Tarrah Castelletti,PC
43-8355995,Portugal,223233.32,179100.09,28-06-2019,Games,Romaguera-Dietrich,Celine Tumasian,Corene Shirer,PC
49-2458036,Finland,33190.03,28397.39,18-08-2020,Electronics,Homenick-Marvin,Hube Corey,Wat Bowkley,Tablet
13-9607758,Portugal,82357.57,65474.27,19-02-2019,Books,Kihn Inc,Celine Tumasian,Aurelie Wren,PC
61-0888460,Ireland,46857.77,39116.87,19-06-2020,Games,Johns and Sons,Glenine Suttaby,Palm Wetherald,Mobile
25-2616039,UK,178560.1,150383.32,02-07-2020,Books,O'Connell-Mitchell,Jessamine Apark,Winny Agnolo,Mobile
46-2962443,Sweden,173944.47,139729.59,11-09-2020,Books,Johns and Sons,Maxie Marrow,Madelon Bront,PC
44-9908550,UK,176662.26,146859.34,28-06-2020,Electronics,Friesen-Rath,Jessamine Apark,Genevra Charrisson,PC
52-3150154,France,133754.65,106147.69,18-09-2020,Games,Armstrong-Little,Othello Bowes,Ora Grennan,PC
37-9761957,Bulgaria,159294.28,130605.38,09-08-2020,Clothing,"Hamill, Kulas and Roob",Charil Alpe,Shermy McGready,PC
67-6072579,France,123562.02,102927.16,22-04-2020,Clothing,McGlynn-Bergstrom,Othello Bowes,Amelina Piscopiello,PC
89-0300778,France,33013.08,26743.9,28-11-2020,Electronics,Romaguera-Dietrich,Othello Bowes,Amelina Piscopiello,PC
80-1894360,Portugal,105340.85,87285.43,18-08-2020,Books,"Farrell, Swaniawski and Crist",Celine Tumasian,Brynn Dempster,PC
58-2235320,Spain,127143.54,105033.28,03-10-2019,Electronics,"Murray, Reichel and Nolan",Emalia Dinse,Bertha Walbrook,PC
68-9875936,Portugal,56570.64,46993.23,05-10-2020,Books,Stamm Inc,Celine Tumasian,Smitty Culverhouse,PC
75-8968627,France,75522.66,60448.34,13-03-2019,Smartphones,Corwin and Sons,Othello Bowes,Crysta Halls,PC
86-9456489,Portugal,87085.71,76548.34,27-08-2020,Outdoors,West-Cummings,Celine Tumasian,Smitty Culverhouse,PC
02-1124101,UK,290010.79,234444.72,25-12-2019,Smartphones,Smith Group,Jessamine Apark,Genevra Charrisson,PC
85-9787047,Luxembourg,256603.66,209799.15,27-07-2019,Smartphones,O'Connell-Mitchell,Ilsa Kob,Jocelyn Laurentino,Tablet
60-7663173,UK,126074.62,100027.6,07-11-2020,Books,Gislason-Stanton,Jessamine Apark,Winny Agnolo,PC
34-1570975,Sweden,94085.5,77498.23,19-01-2020,Electronics,"Zieme, Bailey and Herzog",Maxie Marrow,Caro Morfield,PC
57-9765345,Portugal,159216.47,137419.74,26-06-2020,Games,Johns and Sons,Celine Tumasian,Smitty Culverhouse,PC
31-8846200,Portugal,74958.46,65806.03,05-08-2020,Electronics,Hessel-Stiedemann,Celine Tumasian,Smitty Culverhouse,PC
48-6452102,Sweden,83897.88,69559.73,18-03-2019,Appliances,Franecki-White,Maxie Marrow,Anita Woakes,Mobile
85-9541179,Sweden,133055.04,105366.29,10-11-2019,Books,Hegmann Group,Maxie Marrow,Tarrah Castelletti,PC
93-2085046,Sweden,94115.99,75669.26,16-09-2019,Appliances,"Swaniawski, Runolfsson and Green",Maxie Marrow,Tarrah Castelletti,PC
03-6962760,Finland,125851.79,103777.39,15-11-2020,Games,Wunsch LLC,Hube Corey,Mellicent Mattys,PC
15-3241183,Netherlands,60917.85,52736.58,17-02-2019,Smartphones,Smith Group,Denice Amberg,Nero Harbisher,PC
54-5705354,France,101318.72,86657.9,13-04-2019,Games,Hilll-Vandervort,Othello Bowes,Maighdiln Upcraft,PC
29-1888759,Portugal,131610.37,106406.98,30-04-2020,Beauty,O'Connell-Mitchell,Celine Tumasian,Corene Shirer,PC
12-3815754,France,235042.75,187446.59,25-12-2019,Books,"Christiansen, Donnelly and Bechtelar",Othello Bowes,Maighdiln Upcraft,PC
30-4823900,Ireland,58921.31,51715.23,13-12-2020,Games,Johns and Sons,Glenine Suttaby,Bunnie Tonbridge,PC
72-9074281,Portugal,101846.87,88066.99,07-01-2019,Clothing,Corwin and Sons,Celine Tumasian,Aurelie Wren,PC
52-0213558,France,95307.21,78533.14,26-03-2020,Books,Armstrong-Little,Othello Bowes,Amelina Piscopiello,PC
19-6334792,France,232217.05,191439.74,20-06-2019,Beauty,Hessel-Stiedemann,Othello Bowes,Maighdiln Upcraft,Mobile
35-4712641,Portugal,75912.59,60145.55,14-10-2019,Outdoors,Wisoky Inc,Celine Tumasian,Corene Shirer,Mobile
03-3542738,Portugal,57367.93,46255.76,28-10-2019,Clothing,Friesen-Rath,Celine Tumasian,Aurelie Wren,Mobile
81-9457605,Portugal,158240.24,136561.33,23-11-2020,Books,Hessel-Stiedemann,Celine Tumasian,Brynn Dempster,PC
63-0813030,Portugal,97291.62,76899.3,02-01-2020,Clothing,Johns and Sons,Celine Tumasian,Hortense Gerring,PC
00-7326184,Portugal,83904.32,69011.3,07-06-2020,Games,"Hartmann, Hane and Pfannerstill",Celine Tumasian,Corene Shirer,PC
22-0156233,UK,133696.86,109310.55,27-01-2020,Books,Hilll-Vandervort,Jessamine Apark,Winny Agnolo,PC
94-0623186,UK,146076.81,123230.4,27-07-2019,Appliances,Johns and Sons,Jessamine Apark,Genevra Charrisson,PC
08-0446109,France,56118.05,47711.57,02-03-2020,Beauty,Altenwerth-Konopelski,Othello Bowes,Amelina Piscopiello,PC
77-3489084,France,46296.26,40319.41,15-05-2020,Games,Wisoky Inc,Othello Bowes,Amelina Piscopiello,Tablet
59-2117058,Belgium,118061.05,101131.1,02-07-2020,Appliances,Johns and Sons,Lambert Norheny,Collin Mackness,Mobile
31-1849120,Finland,74480.56,60023.88,06-03-2020,Clothing,Homenick-Marvin,Hube Corey,Wat Bowkley,PC
45-3085595,Spain,87205.01,69171.01,18-06-2020,Games,Johns and Sons,Emalia Dinse,Manuel Goudie,Tablet
61-3294149,Portugal,107716.72,86679.64,18-01-2020,Accessories,"Jacobson, Marvin and Brown",Celine Tumasian,Brynn Dempster,Mobile
